observation,flight,flight_type,site,species,clip_type,group_size_spp,group_size_total,young_present,any_resting,any_foraging,any_alert,any_traveling,any_fleeing,group_resting,group_foraging,group_alert,group_traveling,group_fleeing,note,exclude,score_order_BC,randassign_SL,score_order_SL
ob001,001-01,initial,opc,gg,first,5,21,FALSE,FALSE,TRUE,TRUE,TRUE,FALSE,FALSE,TRUE,FALSE,TRUE,FALSE,gohome and landed key points aren't in log because we returned to home manually and caught the drone rather than landing it on the ground,,2,40,641
ob001,001-01,initial,opc,tg,first,16,21,TRUE,FALSE,TRUE,TRUE,TRUE,FALSE,FALSE,FALSE,TRUE,FALSE,FALSE,gohome and landed key points aren't in log because we returned to home manually and caught the drone rather than landing it on the ground,,2,40,641
ob001,001-01,initial,opc,tg,second,15,16,TRUE,FALSE,TRUE,TRUE,TRUE,FALSE,FALSE,TRUE,FALSE,FALSE,FALSE,,,454,58,2821
ob001,001-01,initial,opc,imp,second,1,16,FALSE,FALSE,TRUE,TRUE,FALSE,FALSE,FALSE,TRUE,FALSE,FALSE,FALSE,,,454,58,2821
ob002,002-01,initial,opc,buf,first,14,14,FALSE,FALSE,TRUE,TRUE,FALSE,FALSE,FALSE,FALSE,TRUE,FALSE,FALSE,Gohome not in the drone log because we returned to home manually,,214,62,2811
ob002,002-01,initial,opc,buf,second,14,15,FALSE,FALSE,TRUE,TRUE,TRUE,FALSE,FALSE,FALSE,TRUE,TRUE,FALSE,,,374,70,4119
ob002,002-01,initial,opc,pz,second,1,15,FALSE,NAN,NAN,TRUE,TRUE,NAN,NAN,NAN,NAN,NAN,NAN,,,374,70,4119
ob003,003-01,initial,opc,tg,first,5,26,TRUE,NAN,NAN,TRUE,NAN,NAN,NAN,NAN,NAN,NAN,NAN,Leave frame due to drone movement,,122,99,3267
ob003,003-01,initial,opc,pz,first,21,26,TRUE,FALSE,TRUE,TRUE,TRUE,TRUE,FALSE,FALSE,FALSE,TRUE,TRUE,,,122,99,3267
ob003,003-01,initial,opc,tg,second,5,20,FALSE,TRUE,TRUE,TRUE,FALSE,FALSE,TRUE,FALSE,TRUE,FALSE,FALSE,,,278,64,4832
ob003,003-01,initial,opc,pz,second,15,20,TRUE,FALSE,TRUE,TRUE,FALSE,FALSE,FALSE,TRUE,FALSE,FALSE,FALSE,,,278,64,4832
ob004,004-01,initial,opc,gg,first,9,9,FALSE,TRUE,FALSE,TRUE,TRUE,FALSE,FALSE,FALSE,TRUE,TRUE,FALSE,video started when drone was already over group - check how long drone was in place before video started,,5,51,1005
ob004,004-01,initial,opc,gg,second,8,8,FALSE,TRUE,TRUE,TRUE,FALSE,FALSE,TRUE,FALSE,TRUE,FALSE,FALSE,,,403,18,1427
ob005,005-01,initial,opc,buf,first,113,113,TRUE,TRUE,FALSE,TRUE,TRUE,TRUE,FALSE,FALSE,FALSE,TRUE,FALSE,"launch and gimbal down are too close to each other to distinguish, so I've only entered 1 value",,81,34,2000
ob005,005-01,initial,opc,buf,second,125,125,TRUE,TRUE,TRUE,TRUE,TRUE,FALSE,FALSE,FALSE,TRUE,FALSE,FALSE,,,414,95,4064
ob006,006-01,initial,opc,eland,first,8,8,FALSE,TRUE,TRUE,TRUE,FALSE,FALSE,FALSE,TRUE,FALSE,FALSE,FALSE,,,4,60,962
ob006,006-01,initial,opc,eland,second,8,8,FALSE,TRUE,TRUE,TRUE,FALSE,FALSE,TRUE,TRUE,FALSE,FALSE,FALSE,,,445,34,2634
ob007,007-01,initial,opc,warthog,first,7,84,TRUE,FALSE,TRUE,TRUE,FALSE,TRUE,FALSE,FALSE,TRUE,FALSE,TRUE,,,130,55,2577
ob007,007-01,initial,opc,tg,first,77,84,TRUE,FALSE,FALSE,TRUE,TRUE,TRUE,FALSE,FALSE,FALSE,TRUE,TRUE,,,130,55,2577
ob007,007-01,initial,opc,warthog,second,7,67,TRUE,NAN,TRUE,TRUE,TRUE,NAN,FALSE,TRUE,FALSE,TRUE,FALSE,,,277,26,3420
ob007,007-01,initial,opc,tg,second,58,67,TRUE,TRUE,TRUE,TRUE,TRUE,TRUE,FALSE,TRUE,TRUE,FALSE,FALSE,,,277,26,3420
ob007,007-01,initial,opc,gg,second,2,67,TRUE,NAN,TRUE,TRUE,NAN,NAN,FALSE,FALSE,TRUE,FALSE,FALSE,,,277,26,3420
ob008,008-01,initial,opc,waterbuck,first,14,24,FALSE,TRUE,TRUE,TRUE,FALSE,FALSE,TRUE,TRUE,FALSE,FALSE,FALSE,,,44,27,3875
ob008,008-01,initial,opc,pz,first,10,24,TRUE,TRUE,TRUE,TRUE,FALSE,TRUE,TRUE,TRUE,FALSE,FALSE,FALSE,"mother and foal run to center of group, in response to other zebras running in from outside of frame.",,44,27,4693
ob008,008-01,initial,opc,pz,second,29,43,TRUE,TRUE,TRUE,TRUE,FALSE,FALSE,FALSE,TRUE,FALSE,FALSE,FALSE,,,265,14,3682
ob008,008-01,initial,opc,waterbuck,second,14,43,FALSE,TRUE,TRUE,TRUE,FALSE,FALSE,FALSE,TRUE,FALSE,FALSE,FALSE,,,265,14,3682
ob009,009-01,initial,opc,tg,first,13,14,FALSE,TRUE,TRUE,FALSE,FALSE,FALSE,TRUE,FALSE,FALSE,FALSE,FALSE,,,31,50,3016
ob009,009-01,initial,opc,imp,first,1,14,FALSE,TRUE,NAN,NAN,NAN,NAN,TRUE,FALSE,FALSE,FALSE,FALSE,,,31,50,3016
ob009,009-01,initial,opc,tg,second,13,14,FALSE,TRUE,FALSE,FALSE,FALSE,FALSE,TRUE,FALSE,FALSE,FALSE,FALSE,,,285,5,4120
ob009,009-01,initial,opc,imp,second,1,14,FALSE,TRUE,FALSE,FALSE,FALSE,FALSE,TRUE,FALSE,FALSE,FALSE,FALSE,,,285,5,4120
ob010,010-01,initial,opc,gg,first,5,19,FALSE,TRUE,TRUE,TRUE,TRUE,FALSE,FALSE,FALSE,FALSE,TRUE,FALSE,,,109,51,478
ob010,010-01,initial,opc,tg,first,14,19,TRUE,TRUE,TRUE,TRUE,TRUE,TRUE,FALSE,FALSE,FALSE,TRUE,FALSE,,,109,51,478
ob010,010-01,initial,opc,gg,second,6,19,FALSE,TRUE,TRUE,TRUE,FALSE,FALSE,TRUE,TRUE,FALSE,FALSE,FALSE,,,427,37,4038
ob010,010-01,initial,opc,tg,second,13,19,TRUE,TRUE,TRUE,TRUE,TRUE,TRUE,FALSE,TRUE,FALSE,FALSE,FALSE,,,427,37,4038
ob011,011-01,initial,opc,gg,first,3,31,FALSE,TRUE,FALSE,FALSE,FALSE,FALSE,TRUE,FALSE,FALSE,FALSE,FALSE,,,85,68,1869
ob011,011-01,initial,opc,tg,first,28,31,FALSE,TRUE,FALSE,FALSE,TRUE,FALSE,TRUE,FALSE,FALSE,FALSE,FALSE,,,85,68,1869
ob011,011-01,initial,opc,gg,second,7,31,TRUE,TRUE,TRUE,TRUE,FALSE,FALSE,TRUE,FALSE,TRUE,FALSE,FALSE,,,415,38,3235
ob011,011-01,initial,opc,tg,second,24,31,FALSE,TRUE,TRUE,TRUE,FALSE,FALSE,FALSE,TRUE,TRUE,FALSE,FALSE,,,415,38,3235
ob012,012-01,initial,opc,buf,first,34,34,TRUE,TRUE,TRUE,TRUE,FALSE,FALSE,FALSE,FALSE,TRUE,FALSE,FALSE,,,156,3,1067
ob012,012-01,initial,opc,buf,second,33,33,TRUE,TRUE,TRUE,TRUE,FALSE,FALSE,FALSE,FALSE,TRUE,FALSE,FALSE,,,347,97,123
ob013,013-01,initial,mpala,waterbuck,first,1,29,FALSE,NAN,NAN,TRUE,NAN,NAN,NAN,NAN,NAN,NAN,NAN,,,10,50,4187
ob013,013-01,initial,mpala,imp,first,28,29,FALSE,TRUE,TRUE,TRUE,FALSE,FALSE,FALSE,TRUE,FALSE,FALSE,FALSE,Leave frame due to drone movement,,10,50,4187
ob013,013-01,initial,mpala,waterbuck,second,1,25,FALSE,FALSE,TRUE,TRUE,FALSE,FALSE,FALSE,TRUE,TRUE,FALSE,FALSE,,,294,0,4071
ob013,013-01,initial,mpala,imp,second,24,25,TRUE,FALSE,TRUE,TRUE,FALSE,FALSE,FALSE,TRUE,FALSE,FALSE,FALSE,,,294,0,4071
ob014,014-01,initial,mpala,imp,first,27,27,TRUE,FALSE,TRUE,TRUE,FALSE,FALSE,FALSE,FALSE,TRUE,FALSE,FALSE,,,176,29,524
ob014,014-01,initial,mpala,imp,second,27,27,TRUE,FALSE,TRUE,TRUE,FALSE,FALSE,FALSE,TRUE,TRUE,FALSE,FALSE,,,447,43,3338
ob015,015-01,initial,mpala,pz,first,2,12,FALSE,NAN,TRUE,TRUE,TRUE,NAN,FALSE,TRUE,FALSE,FALSE,FALSE,,,98,77,3940
ob015,015-01,initial,mpala,gz,first,10,12,FALSE,FALSE,TRUE,TRUE,TRUE,TRUE,FALSE,FALSE,FALSE,TRUE,FALSE,,,98,77,3940
ob015,015-01,initial,mpala,gz,second,5,5,FALSE,FALSE,TRUE,TRUE,TRUE,FALSE,FALSE,FALSE,FALSE,TRUE,FALSE,,,230,64,1332
ob016,016-01,initial,mpala,gz,first,3,38,TRUE,TRUE,TRUE,FALSE,FALSE,FALSE,FALSE,TRUE,FALSE,FALSE,FALSE,,,7,86,2634
ob016,016-01,initial,mpala,imp,first,35,38,TRUE,TRUE,TRUE,FALSE,FALSE,FALSE,TRUE,FALSE,FALSE,FALSE,FALSE,,,7,86,2634
ob016,016-01,initial,mpala,gz,second,3,29,TRUE,FALSE,TRUE,TRUE,FALSE,FALSE,FALSE,TRUE,TRUE,FALSE,FALSE,,,397,72,3736
ob016,016-01,initial,mpala,imp,second,26,29,TRUE,TRUE,TRUE,TRUE,FALSE,TRUE,TRUE,TRUE,FALSE,FALSE,FALSE,,,397,72,3736
ob017,017-01,initial,mpala,elephant,first,9,9,TRUE,NAN,NAN,TRUE,NAN,TRUE,NAN,NAN,NAN,NAN,NAN,Leave frame due to animal movement; observation aborted to avoid further disturbance,,186,95,2378
ob017,017-01,initial,mpala,NAN,second,NAN,NAN,NAN,NAN,NAN,NAN,NAN,NAN,NAN,NAN,NAN,NAN,NAN,observation ends before second clip,TRUE,NAN,NAN,NAN
ob018,018-01,initial,mpala,imp,first,24,24,TRUE,FALSE,TRUE,TRUE,FALSE,FALSE,FALSE,TRUE,FALSE,FALSE,FALSE,video started when drone was already over group - check how long drone was in place before video started,,1,17,612
ob018,018-01,initial,mpala,imp,second,25,25,TRUE,FALSE,TRUE,TRUE,FALSE,FALSE,FALSE,TRUE,FALSE,FALSE,FALSE,,,435,73,3943
ob019,019-01,initial,mpala,giraffe,first,1,41,FALSE,NAN,NAN,NAN,TRUE,NAN,NAN,NAN,NAN,NAN,NAN,,,96,47,1827
ob019,019-01,initial,mpala,pz,first,40,41,TRUE,FALSE,TRUE,TRUE,TRUE,TRUE,FALSE,FALSE,FALSE,TRUE,TRUE,Leave frame due to animal movement,,96,47,1827
ob019,019-01,initial,mpala,pz,second,18,18,FALSE,TRUE,TRUE,TRUE,TRUE,FALSE,TRUE,TRUE,FALSE,FALSE,FALSE,,,448,63,3820
ob020,020-01,initial,mpala,buf,first,NAN,NAN,NAN,NAN,NAN,NAN,NAN,NAN,NAN,NAN,NAN,NAN,NAN,exclude - eagle attacks drone seconds after observation begins,TRUE,NAN,NAN,NAN
ob020,020-01,initial,mpala,NAN,second,NAN,NAN,NAN,NAN,NAN,NAN,NAN,NAN,NAN,NAN,NAN,NAN,NAN,observation ends before second clip,TRUE,NAN,NAN,NAN
ob021,021-01,initial,mpala,imp,first,29,29,FALSE,FALSE,TRUE,TRUE,FALSE,FALSE,FALSE,TRUE,FALSE,FALSE,FALSE,,,161,4,3343
ob021,021-01,initial,mpala,imp,second,28,28,FALSE,FALSE,TRUE,TRUE,FALSE,FALSE,FALSE,TRUE,FALSE,FALSE,FALSE,,,252,2,733
ob022,022-01,initial,mpala,gg,first,12,12,FALSE,TRUE,FALSE,TRUE,FALSE,FALSE,FALSE,FALSE,TRUE,FALSE,FALSE,video started when drone was already over group - check how long drone was in place before video started,,205,99,704
ob022,022-01,initial,mpala,gg,second,12,12,FALSE,TRUE,TRUE,TRUE,FALSE,FALSE,TRUE,FALSE,FALSE,FALSE,FALSE,,,409,11,161
ob023,023-01,initial,mpala,gg,first,5,5,FALSE,FALSE,FALSE,TRUE,FALSE,FALSE,FALSE,FALSE,TRUE,FALSE,FALSE,,,12,5,2418
ob023,023-01,initial,mpala,gg,second,5,5,TRUE,FALSE,TRUE,TRUE,TRUE,TRUE,FALSE,FALSE,FALSE,FALSE,FALSE,,,293,84,174
ob024,024-01,initial,mpala,giraffe,first,6,16,FALSE,NAN,TRUE,TRUE,TRUE,NAN,FALSE,FALSE,TRUE,TRUE,FALSE,,,135,10,2563
ob024,024-01,initial,mpala,imp,first,10,16,FALSE,FALSE,TRUE,TRUE,FALSE,FALSE,FALSE,TRUE,FALSE,FALSE,FALSE,running spurred by a challenging male,,135,10,2563
ob024,024-01,initial,mpala,giraffe,second,8,8,TRUE,NAN,TRUE,TRUE,NAN,NAN,FALSE,FALSE,TRUE,FALSE,FALSE,,,238,85,1833
ob024,024-01,initial,mpala,imp,second,12,12,FALSE,FALSE,TRUE,TRUE,TRUE,FALSE,FALSE,FALSE,TRUE,TRUE,FALSE,,,238,85,1833
ob025,025-01,initial,mpala,pz,first,36,41,TRUE,TRUE,TRUE,TRUE,TRUE,FALSE,FALSE,FALSE,TRUE,FALSE,FALSE,"part of group walks off, but rest of group stays",,222,73,2522
ob025,025-01,initial,mpala,warthog,first,5,41,TRUE,NAN,TRUE,TRUE,NAN,NAN,FALSE,TRUE,TRUE,FALSE,FALSE,,,222,73,2522
ob025,025-01,initial,mpala,pz,second,15,20,TRUE,TRUE,TRUE,TRUE,FALSE,FALSE,FALSE,TRUE,FALSE,FALSE,FALSE,,,262,20,4094
ob025,025-01,initial,mpala,warthog,second,5,20,TRUE,FALSE,TRUE,TRUE,FALSE,FALSE,FALSE,TRUE,FALSE,FALSE,FALSE,,,262,20,4094
ob025,025-02,replacement,mpala,warthog,first,5,30,TRUE,FALSE,TRUE,FALSE,TRUE,FALSE,FALSE,FALSE,FALSE,TRUE,FALSE,"walking, but graze-walking",,167,80,1628
ob025,025-02,replacement,mpala,pz,first,25,30,TRUE,FALSE,TRUE,TRUE,TRUE,FALSE,FALSE,TRUE,FALSE,FALSE,FALSE,"walking, but graze-walking",,167,80,1628
ob025,025-02,replacement,mpala,warthog,second,5,53,TRUE,NAN,TRUE,NAN,TRUE,TRUE,FALSE,FALSE,FALSE,TRUE,FALSE,,,349,65,1906
ob025,025-02,replacement,mpala,pz,second,48,53,TRUE,FALSE,TRUE,TRUE,FALSE,FALSE,FALSE,TRUE,FALSE,FALSE,FALSE,,,349,65,1906
ob025,025-03,replacement,mpala,pz,first,48,48,TRUE,FALSE,TRUE,TRUE,TRUE,FALSE,FALSE,TRUE,FALSE,TRUE,FALSE,"never saw prior drone, started when searching seemed to have stopped",,198,50,3221
ob025,025-03,replacement,mpala,pz,second,52,52,TRUE,TRUE,TRUE,TRUE,FALSE,FALSE,FALSE,TRUE,TRUE,FALSE,FALSE,,,393,6,3017
ob026,026-01,initial,mpala,imp,first,24,24,TRUE,FALSE,TRUE,TRUE,FALSE,FALSE,FALSE,TRUE,TRUE,FALSE,FALSE,,,190,18,1365
ob026,026-01,initial,mpala,imp,second,25,25,TRUE,FALSE,TRUE,TRUE,FALSE,TRUE,FALSE,TRUE,TRUE,FALSE,FALSE,,,384,97,4242
ob026,026-02,replacement,mpala,imp,first,25,25,TRUE,TRUE,TRUE,TRUE,FALSE,FALSE,TRUE,FALSE,FALSE,FALSE,FALSE,,,92,80,2866
ob026,026-02,replacement,mpala,imp,second,NAN,NAN,NAN,NAN,NAN,NAN,NAN,NAN,NAN,NAN,NAN,NAN,NAN,clip falls during scare,TRUE,NAN,NAN,NAN
ob027,027-01,initial,mpala,gz,first,7,7,TRUE,FALSE,FALSE,TRUE,TRUE,TRUE,FALSE,FALSE,TRUE,FALSE,TRUE,,,79,48,429
ob027,027-01,initial,mpala,gz,second,7,7,TRUE,FALSE,FALSE,TRUE,TRUE,TRUE,FALSE,FALSE,FALSE,FALSE,TRUE,,,231,69,1417
ob028,028-01,initial,mpala,gz,first,6,6,TRUE,FALSE,FALSE,TRUE,FALSE,FALSE,FALSE,FALSE,TRUE,FALSE,FALSE,,,155,59,1904
ob028,028-02,replacement,mpala,gz,first,6,6,TRUE,TRUE,TRUE,FALSE,FALSE,FALSE,TRUE,TRUE,FALSE,FALSE,FALSE,video started when drone was already over group - check how long drone was in place before video started,,64,97,3510
ob029,029-01,initial,mpala,imp,first,58,58,TRUE,FALSE,TRUE,TRUE,FALSE,FALSE,FALSE,TRUE,TRUE,FALSE,FALSE,video started when drone was already over group - check how long drone was in place before video started,,51,52,403
ob029,029-01,initial,mpala,imp,second,58,58,TRUE,FALSE,TRUE,TRUE,FALSE,FALSE,FALSE,TRUE,FALSE,FALSE,FALSE,,,308,61,3240
ob029,029-02,replacement,mpala,imp,first,55,55,FALSE,TRUE,TRUE,TRUE,FALSE,FALSE,FALSE,FALSE,TRUE,FALSE,FALSE,,,203,71,750
ob029,029-02,replacement,mpala,imp,second,57,57,TRUE,FALSE,TRUE,TRUE,TRUE,TRUE,FALSE,TRUE,FALSE,TRUE,FALSE,,,387,14,2748
ob030,030-01,initial,mpala,imp,first,7,7,FALSE,TRUE,TRUE,FALSE,FALSE,FALSE,TRUE,FALSE,FALSE,FALSE,FALSE,,,200,49,2251
ob030,030-01,initial,mpala,imp,second,7,7,FALSE,TRUE,TRUE,TRUE,FALSE,TRUE,TRUE,TRUE,FALSE,FALSE,FALSE,,,287,91,339
ob030,030-02,replacement,mpala,imp,first,7,7,FALSE,TRUE,TRUE,TRUE,FALSE,FALSE,TRUE,TRUE,FALSE,FALSE,FALSE,,,53,10,578
ob030,030-02,replacement,mpala,imp,second,7,7,FALSE,TRUE,TRUE,TRUE,FALSE,FALSE,TRUE,TRUE,FALSE,FALSE,FALSE,,,423,72,3068
ob031-032,031-032-01,initial,mpala,imp,first,5,5,FALSE,TRUE,FALSE,TRUE,FALSE,FALSE,TRUE,FALSE,TRUE,FALSE,FALSE,,,27,51,3125
ob031-032,031-032-01,initial,mpala,imp,second,5,5,FALSE,TRUE,TRUE,TRUE,FALSE,FALSE,TRUE,FALSE,FALSE,FALSE,FALSE,,,460,83,1463
ob031-032,031-032-02,replacement,mpala,imp,first,5,11,FALSE,FALSE,TRUE,TRUE,FALSE,FALSE,FALSE,FALSE,TRUE,FALSE,FALSE,"some walking, but appears to be displacement by eland",,52,100,220
ob031-032,031-032-02,replacement,mpala,eland,first,6,11,TRUE,FALSE,TRUE,TRUE,TRUE,FALSE,FALSE,FALSE,TRUE,FALSE,FALSE,,,52,100,220
ob031-032,031-032-02,replacement,mpala,imp,second,5,11,FALSE,FALSE,TRUE,TRUE,FALSE,FALSE,FALSE,TRUE,FALSE,FALSE,FALSE,,,229,88,3785
ob031-032,031-032-02,replacement,mpala,eland,second,6,11,FALSE,TRUE,TRUE,TRUE,FALSE,FALSE,FALSE,TRUE,TRUE,FALSE,FALSE,,,229,88,3785
ob031-032,031-032-03,replacement,mpala,imp,first,2,8,FALSE,FALSE,TRUE,TRUE,FALSE,TRUE,FALSE,TRUE,FALSE,FALSE,FALSE,,,171,22,56
ob031-032,031-032-03,replacement,mpala,eland,first,6,8,FALSE,FALSE,TRUE,TRUE,FALSE,FALSE,FALSE,FALSE,TRUE,FALSE,FALSE,,,171,22,56
ob031-032,031-032-03,replacement,mpala,eland,second,NAN,NAN,NAN,NAN,NAN,NAN,NAN,NAN,NAN,NAN,NAN,NAN,NAN,clip falls after scare,TRUE,NAN,NAN,NAN
ob033,033-01,initial,mpala,pz,first,27,27,TRUE,FALSE,TRUE,TRUE,TRUE,FALSE,FALSE,TRUE,TRUE,FALSE,FALSE,,,91,65,2469
ob033,033-01,initial,mpala,pz,second,28,28,TRUE,FALSE,TRUE,TRUE,TRUE,FALSE,FALSE,TRUE,FALSE,TRUE,FALSE,,,418,76,1524
ob033,033-02,replacement,mpala,pz,first,30,30,TRUE,TRUE,TRUE,TRUE,FALSE,FALSE,FALSE,TRUE,FALSE,FALSE,FALSE,"walking, but graze-walking, not flight",,18,66,3696
ob033,033-02,replacement,mpala,pz,second,NAN,NAN,NAN,NAN,NAN,NAN,NAN,NAN,NAN,NAN,NAN,NAN,NAN,clip falls during scare,TRUE,NAN,NAN,NAN
ob034,034-01,initial,mpala,pz,first,14,18,TRUE,FALSE,TRUE,TRUE,TRUE,TRUE,FALSE,TRUE,FALSE,TRUE,FALSE,first gimbal down is before camera was turned on,,141,14,3657
ob034,034-01,initial,mpala,imp,first,4,18,FALSE,NAN,NAN,TRUE,NAN,NAN,NAN,NAN,NAN,NAN,NAN,Leave/enter frame due to drone movement,,141,14,3657
ob034,034-01,initial,mpala,pz,second,20,20,TRUE,FALSE,TRUE,TRUE,TRUE,FALSE,FALSE,TRUE,FALSE,TRUE,FALSE,,,288,53,3558
ob035,035-01,initial,mpala,imp,first,60,60,TRUE,FALSE,TRUE,TRUE,FALSE,FALSE,FALSE,TRUE,FALSE,FALSE,FALSE,,,88,1,867
ob035,035-01,initial,mpala,imp,second,59,59,TRUE,FALSE,TRUE,TRUE,FALSE,FALSE,FALSE,TRUE,FALSE,FALSE,FALSE,,,426,64,1344
ob036,036-01,initial,mpala,pz,first,10,11,TRUE,FALSE,TRUE,TRUE,TRUE,TRUE,FALSE,FALSE,TRUE,TRUE,FALSE,,,129,66,1946
ob036,036-01,initial,mpala,gz,first,1,11,FALSE,NAN,NAN,TRUE,TRUE,NAN,FALSE,FALSE,FALSE,TRUE,FALSE,,,129,66,1946
ob036,036-01,initial,mpala,pz,second,10,11,TRUE,FALSE,TRUE,TRUE,TRUE,FALSE,FALSE,TRUE,TRUE,FALSE,FALSE,,,420,46,3918
ob036,036-01,initial,mpala,gz,second,1,11,FALSE,FALSE,TRUE,TRUE,FALSE,FALSE,FALSE,TRUE,FALSE,FALSE,FALSE,,,420,46,3918
ob037,037-01,initial,mpala,eland,first,7,19,FALSE,FALSE,TRUE,TRUE,FALSE,FALSE,FALSE,FALSE,TRUE,FALSE,FALSE,,,46,18,2419
ob037,037-01,initial,mpala,pz,first,5,19,TRUE,TRUE,TRUE,TRUE,FALSE,FALSE,FALSE,TRUE,TRUE,FALSE,FALSE,,,46,18,2419
ob037,037-01,initial,mpala,oryx,first,7,19,TRUE,TRUE,TRUE,TRUE,FALSE,FALSE,FALSE,FALSE,TRUE,FALSE,FALSE,,,46,18,2419
ob037,037-01,initial,mpala,eland,second,7,19,TRUE,TRUE,TRUE,TRUE,FALSE,FALSE,TRUE,TRUE,FALSE,FALSE,FALSE,,,244,26,4813
ob037,037-01,initial,mpala,pz,second,5,19,TRUE,FALSE,TRUE,TRUE,TRUE,FALSE,FALSE,TRUE,FALSE,FALSE,FALSE,,,244,26,4813
ob037,037-01,initial,mpala,oryx,second,7,19,TRUE,TRUE,TRUE,TRUE,FALSE,FALSE,FALSE,TRUE,FALSE,FALSE,FALSE,,,244,26,4813
ob037,037-02,replacement,mpala,oryx,first,7,19,TRUE,FALSE,TRUE,FALSE,FALSE,FALSE,FALSE,TRUE,FALSE,FALSE,FALSE,"walking, but graze-walking, not flight. Only flight is in response to harassment by elands",,25,74,576
ob037,037-02,replacement,mpala,pz,first,5,19,TRUE,TRUE,TRUE,FALSE,TRUE,FALSE,FALSE,TRUE,FALSE,FALSE,FALSE,,,25,74,576
ob037,037-02,replacement,mpala,eland,first,7,19,FALSE,TRUE,TRUE,TRUE,TRUE,FALSE,FALSE,TRUE,FALSE,TRUE,FALSE,"walking, but graze-walking, not flight. Some running to displace oryx from feeding area.",,25,74,576
ob037,037-02,replacement,mpala,oryx,second,7,18,TRUE,FALSE,TRUE,TRUE,FALSE,FALSE,FALSE,TRUE,FALSE,FALSE,FALSE,,,302,25,1194
ob037,037-02,replacement,mpala,pz,second,4,18,TRUE,TRUE,TRUE,FALSE,FALSE,FALSE,FALSE,TRUE,FALSE,FALSE,FALSE,,,302,25,1194
ob037,037-02,replacement,mpala,eland,second,7,18,FALSE,TRUE,TRUE,TRUE,FALSE,FALSE,TRUE,TRUE,FALSE,FALSE,FALSE,,,302,25,1194
ob038,038-01,initial,mpala,imp,first,23,23,TRUE,TRUE,TRUE,TRUE,FALSE,FALSE,FALSE,FALSE,TRUE,FALSE,FALSE,,,78,83,429
ob038,038-01,initial,mpala,imp,second,23,23,TRUE,TRUE,TRUE,TRUE,FALSE,FALSE,FALSE,FALSE,TRUE,FALSE,FALSE,,,258,54,90
ob038,038-02,replacement,mpala,imp,first,23,23,TRUE,TRUE,FALSE,TRUE,FALSE,FALSE,FALSE,FALSE,TRUE,FALSE,FALSE,video started when drone was already over group - check how long drone was in place before video started,,97,100,2094
ob038,038-02,replacement,mpala,imp,second,NAN,NAN,NAN,NAN,NAN,NAN,NAN,NAN,NAN,NAN,NAN,NAN,NAN,clip falls during scare,TRUE,NAN,NAN,NAN
ob039,039-01,initial,mpala,imp,first,50,50,TRUE,TRUE,TRUE,TRUE,FALSE,FALSE,FALSE,TRUE,FALSE,FALSE,FALSE,,,32,22,2994
ob039,039-01,initial,mpala,imp,second,43,43,FALSE,FALSE,TRUE,TRUE,FALSE,TRUE,FALSE,TRUE,FALSE,FALSE,FALSE,,,346,34,4793
ob039,039-02,replacement,mpala,imp,first,45,45,TRUE,FALSE,TRUE,TRUE,FALSE,FALSE,FALSE,TRUE,FALSE,FALSE,FALSE,,,223,31,643
ob039,039-02,replacement,mpala,imp,second,40,40,TRUE,FALSE,TRUE,TRUE,FALSE,FALSE,FALSE,TRUE,FALSE,FALSE,FALSE,,,444,18,3318
ob039,039-03,replacement,mpala,imp,first,49,49,TRUE,TRUE,TRUE,TRUE,FALSE,FALSE,FALSE,TRUE,FALSE,FALSE,FALSE,accidentally engaged GoHome during search for animals,,225,58,3260
ob039,039-03,replacement,mpala,imp,second,NAN,NAN,NAN,NAN,NAN,NAN,NAN,NAN,NAN,NAN,NAN,NAN,NAN,clip falls during scare,TRUE,NAN,NAN,NAN
ob040,040-01,initial,mpala,gz,first,1,17,FALSE,NAN,NAN,TRUE,NAN,TRUE,NAN,NAN,NAN,NAN,NAN,Leave frame due to animal movement,,65,58,597
ob040,040-01,initial,mpala,imp,first,16,17,FALSE,FALSE,TRUE,TRUE,FALSE,FALSE,FALSE,TRUE,TRUE,FALSE,FALSE,why no home in drone log?,,65,58,597
ob040,040-01,initial,mpala,imp,second,13,13,FALSE,FALSE,TRUE,TRUE,FALSE,FALSE,FALSE,TRUE,FALSE,FALSE,FALSE,,,362,88,954
ob041,041-01,initial,mpala,buf,first,43,43,TRUE,FALSE,FALSE,TRUE,TRUE,FALSE,FALSE,FALSE,TRUE,FALSE,FALSE,,,184,92,2918
ob041,041-01,initial,mpala,buf,second,51,51,TRUE,FALSE,FALSE,TRUE,FALSE,TRUE,FALSE,FALSE,TRUE,FALSE,FALSE,,,389,88,273
ob041,041-02,replacement,mpala,buf,first,53,53,TRUE,FALSE,TRUE,TRUE,FALSE,FALSE,FALSE,FALSE,TRUE,FALSE,FALSE,didn't lower down,,113,54,4352
ob041,041-02,replacement,mpala,buf,second,50,50,TRUE,TRUE,FALSE,TRUE,FALSE,FALSE,TRUE,FALSE,TRUE,FALSE,FALSE,,,378,7,349
ob041,041-03,replacement,mpala,buf,first,48,48,TRUE,TRUE,TRUE,TRUE,TRUE,TRUE,FALSE,FALSE,TRUE,FALSE,FALSE,,,164,90,2686
ob041,041-03,replacement,mpala,buf,second,53,53,TRUE,FALSE,TRUE,TRUE,TRUE,FALSE,FALSE,FALSE,TRUE,TRUE,FALSE,,,243,41,1892
ob041,041-04,replacement,mpala,buf,first,36,36,TRUE,TRUE,TRUE,TRUE,FALSE,FALSE,FALSE,FALSE,TRUE,FALSE,FALSE,video started when drone was already over group - check how long drone was in place before video started,,102,54,3709
ob041,041-04,replacement,mpala,buf,second,52,52,TRUE,FALSE,TRUE,TRUE,FALSE,FALSE,FALSE,FALSE,TRUE,FALSE,FALSE,,,271,10,3424
ob041,041-05,replacement,mpala,buf,first,51,50,TRUE,FALSE,TRUE,TRUE,TRUE,TRUE,FALSE,FALSE,TRUE,TRUE,FALSE,,,69,4,3032
ob041,041-05,replacement,mpala,buf,second,54,54,TRUE,FALSE,TRUE,TRUE,TRUE,TRUE,FALSE,FALSE,FALSE,TRUE,FALSE,,,323,32,4706
ob042,042-01,initial,mpala,imp,first,12,13,TRUE,TRUE,FALSE,TRUE,FALSE,FALSE,TRUE,FALSE,FALSE,FALSE,FALSE,,,6,27,2320
ob042,042-01,initial,mpala,gz,first,1,13,FALSE,TRUE,NAN,TRUE,TRUE,NAN,FALSE,FALSE,TRUE,TRUE,FALSE,,,6,27,2320
ob042,042-01,initial,mpala,imp,second,8,8,TRUE,TRUE,FALSE,TRUE,FALSE,FALSE,TRUE,FALSE,FALSE,FALSE,FALSE,,,446,91,832
ob042,042-02,replacement,mpala,imp,first,21,21,TRUE,TRUE,TRUE,TRUE,FALSE,FALSE,FALSE,TRUE,FALSE,FALSE,FALSE,,,41,67,3195
ob042,042-02,replacement,mpala,imp,second,21,21,FALSE,FALSE,TRUE,TRUE,TRUE,FALSE,FALSE,TRUE,FALSE,TRUE,FALSE,,,354,46,3955
ob043,043-01,initial,mpala,gz,first,4,25,TRUE,FALSE,TRUE,TRUE,TRUE,FALSE,FALSE,FALSE,TRUE,TRUE,FALSE,car drives in toward end of 2 min; log launch time is way early. Could fix it by taking the time when altitude is minimum (instead of =0). Would this mess up the other landing times?,,162,64,2284
ob043,043-01,initial,mpala,imp,first,21,25,FALSE,FALSE,TRUE,TRUE,TRUE,FALSE,FALSE,FALSE,TRUE,FALSE,FALSE,car drives in toward end of 2 min,,162,64,2284
ob043,043-01,initial,mpala,imp,second,20,20,FALSE,FALSE,TRUE,TRUE,FALSE,FALSE,FALSE,TRUE,FALSE,FALSE,FALSE,,,267,92,566
ob044,044-01,initial,mpala,pz,first,12,12,TRUE,FALSE,TRUE,TRUE,TRUE,TRUE,FALSE,FALSE,FALSE,TRUE,TRUE,,,159,60,4052
ob045,045-01,initial,mpala,gg,first,8,15,TRUE,FALSE,FALSE,TRUE,FALSE,FALSE,FALSE,FALSE,TRUE,FALSE,FALSE,,,147,28,4191
ob045,045-01,initial,mpala,oryx,first,7,15,TRUE,FALSE,TRUE,TRUE,TRUE,FALSE,FALSE,FALSE,TRUE,FALSE,FALSE,,,147,28,4191
ob045,045-01,initial,mpala,gg,second,8,16,TRUE,TRUE,TRUE,TRUE,FALSE,FALSE,FALSE,TRUE,FALSE,FALSE,FALSE,,,368,16,1760
ob045,045-01,initial,mpala,oryx,second,8,16,TRUE,FALSE,TRUE,TRUE,FALSE,FALSE,FALSE,TRUE,FALSE,FALSE,FALSE,,,368,16,1760
ob045,045-02,replacement,mpala,gg,first,7,16,TRUE,TRUE,TRUE,NAN,NAN,NAN,FALSE,TRUE,FALSE,FALSE,FALSE,,,14,80,2337
ob045,045-02,replacement,mpala,oryx,first,8,16,TRUE,FALSE,TRUE,TRUE,FALSE,FALSE,FALSE,TRUE,FALSE,FALSE,FALSE,,,14,80,2337
ob045,045-02,replacement,mpala,gg,second,7,16,TRUE,TRUE,TRUE,TRUE,NAN,NAN,FALSE,TRUE,FALSE,FALSE,FALSE,,,257,40,1791
ob045,045-02,replacement,mpala,oryx,second,8,16,TRUE,FALSE,TRUE,TRUE,FALSE,FALSE,FALSE,TRUE,FALSE,FALSE,FALSE,,,257,40,1791
ob045,045-02,replacement,mpala,imp,second,1,16,FALSE,FALSE,TRUE,TRUE,FALSE,FALSE,FALSE,TRUE,FALSE,FALSE,FALSE,,,257,40,1791
ob045,045-03,replacement,mpala,imp,first,1,9,FALSE,FALSE,TRUE,FALSE,FALSE,FALSE,FALSE,TRUE,FALSE,FALSE,FALSE,,,15,34,728
ob045,045-03,replacement,mpala,oryx,first,8,9,TRUE,FALSE,TRUE,FALSE,FALSE,FALSE,FALSE,TRUE,FALSE,FALSE,FALSE,,,15,34,728
ob045,045-03,replacement,mpala,imp,second,NAN,NAN,NAN,NAN,NAN,NAN,NAN,NAN,NAN,NAN,NAN,NAN,NAN,clip falls during scare,TRUE,NAN,NAN,NAN
ob045,045-03,replacement,mpala,oryx,second,NAN,NAN,NAN,NAN,NAN,NAN,NAN,NAN,NAN,NAN,NAN,NAN,NAN,clip falls during scare,TRUE,NAN,NAN,NAN
ob046,046-01,initial,mpala,pz,first,13,13,FALSE,TRUE,TRUE,TRUE,TRUE,FALSE,FALSE,TRUE,FALSE,FALSE,FALSE,,,213,78,1092
ob046,046-01,initial,mpala,pz,second,20,21,TRUE,FALSE,TRUE,TRUE,TRUE,TRUE,FALSE,FALSE,TRUE,FALSE,TRUE,,,283,91,4621
ob046,046-01,initial,mpala,gz,second,1,21,FALSE,NAN,TRUE,TRUE,TRUE,NAN,FALSE,TRUE,TRUE,FALSE,FALSE,,,283,91,4621
ob047,047-01,initial,mpala,pz,first,18,18,TRUE,FALSE,TRUE,TRUE,FALSE,FALSE,FALSE,TRUE,FALSE,FALSE,FALSE,,,8,81,2778
ob047,047-01,initial,mpala,pz,second,18,18,TRUE,FALSE,TRUE,TRUE,TRUE,FALSE,FALSE,TRUE,FALSE,TRUE,FALSE,,,457,63,2762
ob047,047-02,replacement,mpala,pz,first,18,18,FALSE,TRUE,TRUE,TRUE,FALSE,FALSE,TRUE,FALSE,FALSE,FALSE,FALSE,,,134,12,3561
ob047,047-02,replacement,mpala,pz,second,NAN,NAN,NAN,NAN,NAN,NAN,NAN,NAN,NAN,NAN,NAN,NAN,NAN,clip falls during scare,TRUE,NAN,NAN,NAN
ob048,048-01,initial,mpala,imp,first,11,11,FALSE,FALSE,TRUE,TRUE,TRUE,FALSE,FALSE,FALSE,TRUE,FALSE,FALSE,,,93,88,8
ob048,048-01,initial,mpala,imp,second,11,11,FALSE,FALSE,TRUE,TRUE,TRUE,TRUE,FALSE,TRUE,FALSE,TRUE,FALSE,,,408,83,4496
ob049,049-01,initial,mpala,pz,first,10,11,TRUE,TRUE,TRUE,TRUE,FALSE,FALSE,FALSE,TRUE,FALSE,FALSE,FALSE,,,60,13,3183
ob049,049-01,initial,mpala,elephant,first,1,11,FALSE,FALSE,TRUE,FALSE,FALSE,FALSE,FALSE,TRUE,FALSE,FALSE,FALSE,,,60,13,3183
ob049,049-01,initial,mpala,pz,second,10,11,TRUE,FALSE,TRUE,TRUE,FALSE,FALSE,FALSE,TRUE,FALSE,FALSE,FALSE,,,270,85,334
ob049,049-01,initial,mpala,elephant,second,1,11,FALSE,FALSE,TRUE,FALSE,FALSE,FALSE,FALSE,TRUE,FALSE,FALSE,FALSE,,,270,85,334
ob049,049-02,replacement,mpala,elephant,first,1,11,FALSE,NAN,TRUE,NAN,NAN,NAN,FALSE,TRUE,FALSE,FALSE,FALSE,didn't lower down until late (4:54). Was stationary over group (but high up) at 3:16,,87,76,3354
ob049,049-02,replacement,mpala,pz,first,10,11,TRUE,FALSE,TRUE,TRUE,FALSE,FALSE,FALSE,TRUE,FALSE,FALSE,FALSE,didn't lower down until late (4:54). Was stationary over group (but high up) at 3:16,,87,76,3354
ob049,049-02,replacement,mpala,pz,second,10,10,TRUE,FALSE,TRUE,TRUE,FALSE,FALSE,FALSE,TRUE,FALSE,FALSE,FALSE,,,361,55,1274
ob050,050-01,initial,mpala,imp,first,30,30,FALSE,FALSE,TRUE,TRUE,FALSE,FALSE,FALSE,TRUE,FALSE,FALSE,FALSE,,,100,59,3620
ob050,050-01,initial,mpala,imp,second,30,30,FALSE,FALSE,TRUE,TRUE,FALSE,FALSE,FALSE,TRUE,FALSE,FALSE,FALSE,,,254,53,2019
ob050,050-02,replacement,mpala,imp,first,30,30,FALSE,FALSE,TRUE,TRUE,TRUE,FALSE,FALSE,TRUE,FALSE,FALSE,FALSE,,,128,89,3593
ob050,050-02,replacement,mpala,imp,second,23,23,FALSE,FALSE,TRUE,TRUE,TRUE,TRUE,FALSE,TRUE,FALSE,TRUE,FALSE,,,234,8,2192
ob050,050-03,replacement,mpala,imp,first,22,22,FALSE,FALSE,TRUE,TRUE,FALSE,FALSE,FALSE,TRUE,FALSE,FALSE,FALSE,,,160,87,1573
ob050,050-03,replacement,mpala,imp,second,28,28,FALSE,FALSE,TRUE,TRUE,FALSE,FALSE,FALSE,TRUE,FALSE,FALSE,FALSE,,,281,63,652
ob051,051-01,initial,mpala,imp,first,46,46,TRUE,FALSE,TRUE,TRUE,TRUE,TRUE,FALSE,FALSE,FALSE,TRUE,TRUE,,,72,9,3080
ob051,051-01,initial,mpala,imp,second,46,46,TRUE,FALSE,TRUE,TRUE,TRUE,TRUE,FALSE,TRUE,TRUE,FALSE,FALSE,,,266,49,1824
ob051,051-02,replacement,mpala,imp,first,44,44,TRUE,FALSE,TRUE,TRUE,FALSE,TRUE,FALSE,FALSE,TRUE,FALSE,FALSE,,,76,58,3213
ob051,051-02,replacement,mpala,imp,second,47,47,TRUE,FALSE,TRUE,TRUE,TRUE,TRUE,FALSE,FALSE,TRUE,TRUE,FALSE,,,398,30,850
ob052,052-01,initial,mpala,imp,first,13,13,FALSE,FALSE,TRUE,TRUE,FALSE,FALSE,FALSE,TRUE,TRUE,FALSE,FALSE,,,185,44,4369
ob052,052-01,initial,mpala,imp,second,10,10,FALSE,TRUE,TRUE,TRUE,FALSE,FALSE,FALSE,TRUE,FALSE,FALSE,FALSE,,,370,42,201
ob052,052-02,replacement,mpala,imp,first,13,13,FALSE,TRUE,TRUE,TRUE,FALSE,FALSE,TRUE,TRUE,FALSE,FALSE,FALSE,video started when drone was already over group - check how long drone was in place before video started,,173,76,2549
ob052,052-02,replacement,mpala,imp,second,13,13,FALSE,TRUE,TRUE,TRUE,FALSE,FALSE,TRUE,FALSE,FALSE,FALSE,FALSE,,,315,20,2406
ob053,053-01,initial,mpala,gz,first,5,5,TRUE,TRUE,TRUE,TRUE,FALSE,FALSE,TRUE,TRUE,FALSE,FALSE,FALSE,,,37,51,2856
ob053,053-01,initial,mpala,gz,second,5,5,TRUE,TRUE,TRUE,TRUE,FALSE,FALSE,FALSE,TRUE,FALSE,FALSE,FALSE,,,400,65,379
ob053,053-02,replacement,mpala,gz,first,5,7,TRUE,TRUE,TRUE,FALSE,TRUE,FALSE,TRUE,TRUE,FALSE,FALSE,FALSE,,,108,73,3339
ob053,053-02,replacement,mpala,imp,first,2,7,FALSE,NAN,TRUE,NAN,NAN,NAN,NAN,NAN,NAN,NAN,NAN,,,108,73,3339
ob053,053-02,replacement,mpala,gz,second,5,7,TRUE,TRUE,TRUE,TRUE,FALSE,FALSE,FALSE,TRUE,FALSE,TRUE,TRUE,,,264,26,727
ob053,053-02,replacement,mpala,imp,second,2,7,FALSE,FALSE,TRUE,TRUE,FALSE,TRUE,FALSE,TRUE,FALSE,FALSE,FALSE,,,264,26,727
ob054,054-01,initial,mpala,pz,first,24,24,TRUE,TRUE,TRUE,TRUE,TRUE,TRUE,FALSE,TRUE,TRUE,FALSE,FALSE,drone log cuts out before launch. Video cuts out midway through flight,,209,33,2722
ob054,054-01,initial,mpala,pz,second,NAN,NAN,NAN,NAN,NAN,NAN,NAN,NAN,NAN,NAN,NAN,NAN,NAN,video cuts suddenly to totally different view. Must have been a writing problem on the SD card. ,TRUE,NAN,NAN,NAN
ob054,054-02,replacement,mpala,pz,first,24,24,TRUE,FALSE,TRUE,TRUE,TRUE,FALSE,FALSE,TRUE,FALSE,FALSE,FALSE,"something is wrong with log; over the course of the flight, the video ""catches up"" to the log such that there are huge discrepancies between the keypoints. I have therefore removed the video keypoints (launch: 0:08, gimbal_down: 1:11, home: 19:09, landing: 21:01) and will exclude this log from analyses.",,NAN,NAN,NAN
ob054,054-02,replacement,mpala,pz,second,20,20,TRUE,TRUE,TRUE,TRUE,FALSE,FALSE,TRUE,TRUE,FALSE,FALSE,FALSE,,,292,45,1338
ob054,054-03,replacement,mpala,pz,first,24,24,TRUE,TRUE,TRUE,TRUE,FALSE,FALSE,TRUE,TRUE,FALSE,FALSE,FALSE,didn't lower down,,180,22,3900
ob054,054-03,replacement,mpala,pz,second,NAN,NAN,NAN,NAN,NAN,NAN,NAN,NAN,NAN,NAN,NAN,NAN,NAN,clip falls during scare,TRUE,NAN,NAN,NAN
ob055,055-01,initial,mpala,imp,first,36,36,TRUE,TRUE,TRUE,TRUE,FALSE,FALSE,FALSE,TRUE,FALSE,FALSE,FALSE,,,21,43,2041
ob055,055-01,initial,mpala,imp,second,33,33,TRUE,TRUE,TRUE,TRUE,FALSE,FALSE,FALSE,TRUE,FALSE,FALSE,FALSE,,,441,58,2208
ob055,055-02,replacement,mpala,imp,first,32,32,TRUE,TRUE,TRUE,TRUE,FALSE,FALSE,TRUE,TRUE,FALSE,FALSE,FALSE,,,224,28,1786
ob055,055-02,replacement,mpala,imp,second,34,34,TRUE,TRUE,TRUE,TRUE,FALSE,FALSE,TRUE,TRUE,FALSE,FALSE,FALSE,,,239,92,4654
ob056,056-01,initial,mpala,imp,first,41,41,FALSE,FALSE,TRUE,TRUE,FALSE,FALSE,FALSE,TRUE,FALSE,FALSE,FALSE,,,169,58,2228
ob056,056-01,initial,mpala,imp,second,38,38,FALSE,TRUE,TRUE,TRUE,FALSE,FALSE,FALSE,TRUE,FALSE,FALSE,FALSE,,,247,44,538
ob056,056-02,replacement,mpala,imp,first,41,41,FALSE,TRUE,TRUE,TRUE,TRUE,FALSE,FALSE,TRUE,FALSE,FALSE,FALSE,,,137,35,3089
ob056,056-02,replacement,mpala,imp,second,NAN,NAN,NAN,NAN,NAN,NAN,NAN,NAN,NAN,NAN,NAN,NAN,NAN,clip falls during scare,TRUE,NAN,NAN,NAN
ob057,057-01,initial,mpala,imp,first,6,6,FALSE,TRUE,TRUE,TRUE,FALSE,FALSE,FALSE,TRUE,TRUE,FALSE,FALSE,,,154,59,493
ob057,057-01,initial,mpala,imp,second,7,7,FALSE,TRUE,TRUE,TRUE,FALSE,FALSE,FALSE,TRUE,FALSE,FALSE,FALSE,,,310,82,2583
ob058,058-01,initial,mpala,imp,first,6,6,FALSE,FALSE,TRUE,TRUE,FALSE,FALSE,FALSE,TRUE,FALSE,FALSE,FALSE,,,144,99,4875
ob058,058-01,initial,mpala,imp,second,6,6,FALSE,TRUE,TRUE,TRUE,FALSE,FALSE,FALSE,TRUE,FALSE,FALSE,FALSE,,,297,18,637
ob058,058-02,replacement,mpala,imp,first,4,4,FALSE,TRUE,TRUE,TRUE,FALSE,FALSE,TRUE,FALSE,FALSE,FALSE,FALSE,,,150,35,3837
ob058,058-02,replacement,mpala,imp,second,7,7,FALSE,TRUE,TRUE,TRUE,FALSE,FALSE,TRUE,TRUE,FALSE,FALSE,FALSE,,,306,79,3126
ob059,059-01,initial,mpala,imp,first,18,18,TRUE,FALSE,TRUE,TRUE,FALSE,FALSE,FALSE,TRUE,FALSE,FALSE,FALSE,,,216,5,3552
ob059,059-01,initial,mpala,imp,second,18,18,TRUE,FALSE,TRUE,TRUE,FALSE,TRUE,FALSE,TRUE,TRUE,FALSE,FALSE,,,273,49,2456
ob059,059-02,replacement,mpala,imp,first,18,18,TRUE,FALSE,TRUE,TRUE,FALSE,FALSE,FALSE,TRUE,TRUE,FALSE,FALSE,didn't lower down,,148,51,3254
ob059,059-02,replacement,mpala,imp,second,18,18,TRUE,FALSE,TRUE,TRUE,FALSE,FALSE,FALSE,TRUE,FALSE,FALSE,FALSE,,,410,61,855
ob060,060-01,initial,mpala,imp,first,9,9,FALSE,FALSE,TRUE,TRUE,FALSE,FALSE,FALSE,TRUE,FALSE,FALSE,FALSE,,,146,40,970
ob061,061-01,initial,mpala,gz,first,14,14,TRUE,TRUE,TRUE,TRUE,FALSE,FALSE,FALSE,TRUE,FALSE,FALSE,FALSE,,,199,8,3326
ob061,061-01,initial,mpala,gz,second,15,15,TRUE,TRUE,TRUE,TRUE,FALSE,FALSE,FALSE,TRUE,FALSE,FALSE,FALSE,,,379,23,715
ob061,061-02,replacement,mpala,gz,first,15,15,TRUE,FALSE,TRUE,TRUE,FALSE,FALSE,FALSE,TRUE,FALSE,FALSE,FALSE,video started when drone was already over group - check how long drone was in place before video started; never lowered down,,140,0,4707
ob061,061-02,replacement,mpala,gz,second,15,15,TRUE,TRUE,TRUE,FALSE,FALSE,FALSE,FALSE,TRUE,FALSE,FALSE,FALSE,,,353,86,1609
ob061,061-03,replacement,mpala,gz,first,15,15,TRUE,TRUE,TRUE,FALSE,FALSE,FALSE,FALSE,TRUE,FALSE,FALSE,FALSE,unclear if gimbal is actually fully down at 1:30,,33,14,990
ob061,061-03,replacement,mpala,gz,second,NAN,NAN,NAN,NAN,NAN,NAN,NAN,NAN,NAN,NAN,NAN,NAN,NAN,clip falls after scare,TRUE,NAN,NAN,NAN
ob062,062-01,initial,mpala,imp,first,24,24,FALSE,FALSE,TRUE,TRUE,TRUE,FALSE,FALSE,TRUE,TRUE,FALSE,FALSE,,,40,40,4871
ob062,062-01,initial,mpala,imp,second,23,23,FALSE,FALSE,TRUE,TRUE,FALSE,FALSE,FALSE,TRUE,FALSE,FALSE,FALSE,,,255,7,4005
ob062,062-02,replacement,mpala,imp,first,21,21,FALSE,FALSE,TRUE,TRUE,FALSE,FALSE,FALSE,TRUE,FALSE,FALSE,FALSE,video started when drone was already over group - check how long drone was in place before video started,,166,90,4296
ob062,062-02,replacement,mpala,imp,second,22,22,FALSE,FALSE,TRUE,TRUE,TRUE,FALSE,FALSE,TRUE,FALSE,FALSE,FALSE,,,371,56,3178
ob062,062-03,replacement,mpala,imp,first,15,15,FALSE,FALSE,TRUE,TRUE,TRUE,TRUE,FALSE,TRUE,FALSE,TRUE,FALSE,unclear if gimbal is actually fully down at 2:06,,131,81,4252
ob062,062-03,replacement,mpala,NAN,second,NAN,NAN,NAN,NAN,NAN,NAN,NAN,NAN,NAN,NAN,NAN,NAN,NAN,observation ends before second clip,TRUE,NAN,NAN,NAN
ob063,063-01,initial,mpala,imp,first,28,28,TRUE,TRUE,TRUE,TRUE,FALSE,FALSE,FALSE,TRUE,FALSE,FALSE,FALSE,,,197,100,1679
ob063,063-01,initial,mpala,imp,second,30,30,TRUE,TRUE,TRUE,TRUE,FALSE,FALSE,TRUE,TRUE,FALSE,FALSE,FALSE,,,452,77,1296
ob063,063-02,replacement,mpala,imp,first,31,31,TRUE,TRUE,TRUE,TRUE,FALSE,FALSE,TRUE,FALSE,TRUE,FALSE,FALSE,gimbal may be down at 1:57 - hard to say since it was malfunctioning,,149,49,4459
ob063,063-02,replacement,mpala,imp,second,33,33,TRUE,TRUE,TRUE,TRUE,FALSE,FALSE,TRUE,TRUE,FALSE,FALSE,FALSE,,,330,88,3576
ob063,063-03,replacement,mpala,imp,first,29,29,TRUE,TRUE,TRUE,TRUE,FALSE,FALSE,TRUE,TRUE,FALSE,FALSE,FALSE,,,119,34,37
ob063,063-03,replacement,mpala,imp,second,NAN,NAN,NAN,NAN,NAN,NAN,NAN,NAN,NAN,NAN,NAN,NAN,NAN,clip falls during scare,TRUE,NAN,NAN,NAN
ob064,064-01,initial,mpala,imp,first,33,33,TRUE,FALSE,TRUE,TRUE,FALSE,FALSE,FALSE,TRUE,TRUE,FALSE,FALSE,,,74,70,2371
ob064,064-01,initial,mpala,imp,second,28,28,TRUE,FALSE,TRUE,TRUE,FALSE,FALSE,FALSE,TRUE,FALSE,FALSE,FALSE,,,440,17,4014
ob064,064-02,replacement,mpala,imp,first,27,27,TRUE,TRUE,TRUE,TRUE,FALSE,FALSE,TRUE,TRUE,FALSE,FALSE,FALSE,spontaneous startle by playing juveniles,,23,63,1744
ob064,064-02,replacement,mpala,imp,second,29,29,TRUE,TRUE,TRUE,TRUE,FALSE,FALSE,TRUE,FALSE,FALSE,FALSE,FALSE,,,369,73,2180
ob064,064-03,replacement,mpala,imp,first,28,28,FALSE,TRUE,TRUE,TRUE,FALSE,FALSE,TRUE,FALSE,FALSE,FALSE,FALSE,,,138,17,2229
ob064,064-03,replacement,mpala,imp,second,NAN,NAN,NAN,NAN,NAN,NAN,NAN,NAN,NAN,NAN,NAN,NAN,NAN,clip falls after scare,TRUE,NAN,NAN,NAN
ob065,065-01,initial,mpala,imp,first,13,13,FALSE,TRUE,TRUE,TRUE,FALSE,FALSE,TRUE,FALSE,FALSE,FALSE,FALSE,,,219,30,808
ob065,065-01,initial,mpala,imp,second,13,13,FALSE,TRUE,FALSE,TRUE,FALSE,FALSE,TRUE,FALSE,FALSE,FALSE,FALSE,,,261,39,4865
ob065,065-02,replacement,mpala,imp,first,13,13,FALSE,TRUE,TRUE,TRUE,FALSE,FALSE,TRUE,FALSE,FALSE,FALSE,FALSE,,,111,6,4629
ob065,065-02,replacement,mpala,imp,second,13,13,FALSE,TRUE,FALSE,FALSE,FALSE,FALSE,TRUE,FALSE,FALSE,FALSE,FALSE,,,363,61,2904
ob065,065-03,replacement,mpala,imp,first,13,13,FALSE,TRUE,FALSE,FALSE,FALSE,FALSE,TRUE,FALSE,FALSE,FALSE,FALSE,,,82,90,4639
ob065,065-03,replacement,mpala,imp,second,NAN,NAN,NAN,NAN,NAN,NAN,NAN,NAN,NAN,NAN,NAN,NAN,NAN,clip falls during scare,TRUE,NAN,NAN,NAN
ob066,066-01,initial,mpala,gz,first,9,9,TRUE,FALSE,TRUE,TRUE,TRUE,FALSE,FALSE,FALSE,FALSE,TRUE,FALSE,road rally happening on this day on nearby road,,117,24,2552
ob066,066-01,initial,mpala,gz,second,8,8,TRUE,TRUE,TRUE,TRUE,TRUE,FALSE,FALSE,TRUE,FALSE,TRUE,FALSE,,,331,29,1986
ob066,066-02,replacement,mpala,gz,first,9,9,TRUE,TRUE,TRUE,TRUE,FALSE,FALSE,TRUE,TRUE,FALSE,FALSE,FALSE,"road rally happening on this day on nearby road; walking, but only to get to next grassy patch. Not a flight reaction",,24,61,2926
ob066,066-02,replacement,mpala,gz,second,9,9,TRUE,TRUE,TRUE,TRUE,FALSE,FALSE,FALSE,TRUE,FALSE,FALSE,FALSE,,,284,17,2412
ob066,066-03,replacement,mpala,gz,first,9,13,TRUE,FALSE,TRUE,TRUE,TRUE,FALSE,FALSE,TRUE,FALSE,FALSE,FALSE,video started when drone was already over group - check how long drone was in place before video started; road rally happening on nearby road during observation,,165,37,1104
ob066,066-03,replacement,mpala,imp,first,4,13,TRUE,NAN,TRUE,NAN,NAN,NAN,NAN,NAN,NAN,NAN,NAN,,,165,37,1104
ob066,066-03,replacement,mpala,gz,second,NAN,NAN,NAN,NAN,NAN,NAN,NAN,NAN,NAN,NAN,NAN,NAN,NAN,clip falls during scare,TRUE,NAN,NAN,NAN
ob067,067-01,initial,mpala,imp,first,11,11,FALSE,FALSE,TRUE,TRUE,TRUE,TRUE,FALSE,FALSE,FALSE,TRUE,FALSE,camera malfunction - clip cuts out before 2 minutes,,110,98,4125
ob068,068-01,initial,mpala,imp,first,47,47,TRUE,FALSE,TRUE,TRUE,FALSE,FALSE,FALSE,TRUE,TRUE,FALSE,FALSE,,,195,94,657
ob068,068-01,initial,mpala,imp,second,46,46,TRUE,TRUE,TRUE,TRUE,FALSE,FALSE,FALSE,TRUE,TRUE,FALSE,FALSE,,,451,27,836
ob068,068-02,replacement,mpala,imp,first,48,48,TRUE,TRUE,TRUE,TRUE,FALSE,FALSE,TRUE,TRUE,FALSE,FALSE,FALSE,,,124,6,1513
ob068,068-02,replacement,mpala,imp,second,46,46,TRUE,TRUE,TRUE,TRUE,FALSE,FALSE,FALSE,TRUE,FALSE,FALSE,FALSE,,,449,68,4928
ob068,068-03,replacement,mpala,imp,first,45,45,TRUE,TRUE,TRUE,TRUE,FALSE,FALSE,TRUE,TRUE,FALSE,FALSE,FALSE,,,54,1,4187
ob068,068-03,replacement,mpala,imp,second,NAN,NAN,NAN,NAN,NAN,NAN,NAN,NAN,NAN,NAN,NAN,NAN,NAN,clip falls during scare,TRUE,NAN,NAN,NAN
ob069,069-01,initial,mpala,imp,first,25,25,TRUE,FALSE,TRUE,TRUE,FALSE,TRUE,FALSE,TRUE,FALSE,FALSE,FALSE,startle reaction late in the 2 min clip,,61,11,3989
ob070,070-01,initial,mpala,pz,first,5,16,FALSE,TRUE,TRUE,TRUE,FALSE,FALSE,TRUE,TRUE,FALSE,FALSE,FALSE,"some avoidance/fright reaction, but it seems directly in response to sparring oryx",,36,11,1886
ob070,070-01,initial,mpala,oryx,first,11,16,TRUE,TRUE,FALSE,TRUE,FALSE,FALSE,TRUE,FALSE,FALSE,FALSE,FALSE,,,36,11,1886
ob070,070-01,initial,mpala,pz,second,5,16,FALSE,FALSE,TRUE,TRUE,FALSE,FALSE,FALSE,TRUE,FALSE,FALSE,FALSE,,,316,93,3182
ob070,070-01,initial,mpala,oryx,second,11,16,TRUE,TRUE,FALSE,TRUE,FALSE,FALSE,TRUE,FALSE,FALSE,FALSE,FALSE,,,316,93,3182
ob070,070-02,replacement,mpala,pz,first,5,16,FALSE,FALSE,TRUE,TRUE,FALSE,FALSE,FALSE,TRUE,FALSE,FALSE,FALSE,,,55,99,4279
ob070,070-02,replacement,mpala,oryx,first,11,16,TRUE,TRUE,FALSE,TRUE,FALSE,FALSE,TRUE,FALSE,FALSE,FALSE,FALSE,,,55,99,4279
ob070,070-02,replacement,mpala,pz,second,5,16,FALSE,FALSE,TRUE,TRUE,FALSE,FALSE,FALSE,TRUE,FALSE,FALSE,FALSE,,,351,25,873
ob070,070-02,replacement,mpala,oryx,second,11,16,TRUE,TRUE,TRUE,TRUE,FALSE,FALSE,TRUE,FALSE,FALSE,FALSE,FALSE,,,351,25,873
ob070,070-03,replacement,mpala,pz,first,5,16,FALSE,FALSE,TRUE,TRUE,FALSE,FALSE,FALSE,TRUE,FALSE,FALSE,FALSE,,,70,100,243
ob070,070-03,replacement,mpala,oryx,first,11,16,TRUE,TRUE,TRUE,TRUE,FALSE,FALSE,TRUE,FALSE,FALSE,FALSE,FALSE,,,70,100,243
ob070,070-03,replacement,mpala,pz,second,NAN,NAN,NAN,NAN,NAN,NAN,NAN,NAN,NAN,NAN,NAN,NAN,NAN,clip falls during scare,TRUE,NAN,NAN,NAN
ob070,070-03,replacement,mpala,oryx,second,NAN,NAN,NAN,NAN,NAN,NAN,NAN,NAN,NAN,NAN,NAN,NAN,NAN,clip falls during scare,TRUE,NAN,NAN,NAN
ob071,071-01,initial,mpala,imp,first,20,20,FALSE,FALSE,TRUE,TRUE,FALSE,FALSE,FALSE,TRUE,FALSE,FALSE,FALSE,,,73,92,2333
ob071,071-01,initial,mpala,imp,second,22,22,FALSE,FALSE,TRUE,TRUE,FALSE,FALSE,FALSE,TRUE,FALSE,FALSE,FALSE,,,439,32,582
ob071,071-02,replacement,mpala,imp,first,25,25,FALSE,FALSE,TRUE,TRUE,FALSE,FALSE,FALSE,TRUE,FALSE,FALSE,FALSE,,,182,58,1158
ob071,071-02,replacement,mpala,imp,second,25,25,FALSE,FALSE,TRUE,TRUE,FALSE,FALSE,FALSE,TRUE,FALSE,FALSE,FALSE,,,260,78,4953
ob071,071-03,replacement,mpala,imp,first,26,26,FALSE,FALSE,TRUE,TRUE,FALSE,FALSE,FALSE,TRUE,FALSE,FALSE,FALSE,,,191,49,30
ob071,071-03,replacement,mpala,imp,second,NAN,NAN,NAN,NAN,NAN,NAN,NAN,NAN,NAN,NAN,NAN,NAN,NAN,clip falls during scare,TRUE,NAN,NAN,NAN
ob072,072-01,initial,mpala,imp,first,5,5,FALSE,TRUE,TRUE,TRUE,FALSE,FALSE,TRUE,TRUE,FALSE,FALSE,FALSE,,,181,11,4458
ob072,072-01,initial,mpala,imp,second,5,5,TRUE,FALSE,TRUE,TRUE,FALSE,TRUE,FALSE,FALSE,TRUE,FALSE,FALSE,,,314,79,3633
ob072,072-02,replacement,mpala,imp,first,3,3,FALSE,NAN,NAN,TRUE,TRUE,NAN,NAN,NAN,NAN,NAN,NAN,,,63,46,2155
ob072,072-02,replacement,mpala,NAN,second,NAN,NAN,NAN,NAN,NAN,NAN,NAN,NAN,NAN,NAN,NAN,NAN,NAN,observation ends before second clip,TRUE,NAN,NAN,NAN
ob073,073-01,initial,mpala,imp,first,7,7,FALSE,TRUE,TRUE,TRUE,FALSE,FALSE,FALSE,TRUE,FALSE,FALSE,FALSE,,,67,25,296
ob073,073-01,initial,mpala,imp,second,6,6,FALSE,TRUE,TRUE,FALSE,FALSE,FALSE,TRUE,TRUE,FALSE,FALSE,FALSE,,,443,17,4469
ob073,073-02,replacement,mpala,imp,first,10,11,FALSE,TRUE,TRUE,FALSE,FALSE,FALSE,FALSE,TRUE,FALSE,FALSE,FALSE,video started when drone was already over group - check how long drone was in place before video started,,126,63,900
ob073,073-02,replacement,mpala,gz,first,1,11,FALSE,NAN,TRUE,TRUE,NAN,NAN,FALSE,TRUE,FALSE,FALSE,FALSE,,,126,63,900
ob073,073-02,replacement,mpala,imp,second,9,9,FALSE,FALSE,TRUE,TRUE,FALSE,FALSE,FALSE,TRUE,FALSE,FALSE,FALSE,,,318,11,4645
ob074,074-01,initial,mpala,gz,first,12,12,FALSE,TRUE,TRUE,TRUE,FALSE,FALSE,TRUE,FALSE,FALSE,FALSE,FALSE,video started when drone was already over group - check how long drone was in place before video started,,168,76,2243
ob074,074-01,initial,mpala,gz,second,12,12,FALSE,TRUE,TRUE,TRUE,FALSE,FALSE,TRUE,FALSE,FALSE,FALSE,FALSE,,,434,13,2004
ob074,074-02,replacement,mpala,gz,first,12,12,FALSE,TRUE,TRUE,TRUE,FALSE,FALSE,TRUE,FALSE,FALSE,FALSE,FALSE,,,133,67,1962
ob074,074-02,replacement,mpala,gz,second,12,12,FALSE,TRUE,FALSE,FALSE,FALSE,FALSE,TRUE,FALSE,FALSE,FALSE,FALSE,,,365,31,4459
ob074,074-03,replacement,mpala,gz,first,12,12,FALSE,TRUE,FALSE,TRUE,FALSE,FALSE,TRUE,FALSE,FALSE,FALSE,FALSE,,,204,85,1808
ob074,074-03,replacement,mpala,gz,first,NAN,NAN,NAN,NAN,NAN,NAN,NAN,NAN,NAN,NAN,NAN,NAN,NAN,clip falls after scare,,NAN,NAN,NAN
ob075,075-01,initial,mpala,imp,first,33,33,TRUE,FALSE,TRUE,TRUE,FALSE,FALSE,FALSE,TRUE,FALSE,FALSE,FALSE,,,192,70,847
ob075,075-01,initial,mpala,imp,second,30,30,TRUE,FALSE,TRUE,TRUE,FALSE,FALSE,FALSE,TRUE,FALSE,FALSE,FALSE,,,433,69,2579
ob075,075-02,replacement,mpala,imp,first,30,30,TRUE,FALSE,TRUE,TRUE,FALSE,FALSE,FALSE,TRUE,FALSE,FALSE,FALSE,,,163,10,3930
ob075,075-02,replacement,mpala,imp,second,25,25,TRUE,TRUE,TRUE,TRUE,FALSE,FALSE,FALSE,TRUE,FALSE,FALSE,FALSE,,,350,36,2435
ob076,076-01,initial,mpala,pz,first,8,8,FALSE,FALSE,FALSE,TRUE,TRUE,TRUE,FALSE,FALSE,FALSE,FALSE,TRUE,,,104,96,2301
ob077,077-01,initial,mpala,buf,first,15,15,FALSE,FALSE,FALSE,TRUE,FALSE,TRUE,FALSE,FALSE,FALSE,FALSE,TRUE,drone does not stop moving because group is already running. Started 2 minute clip from point where drone was directly above.,,151,15,4971
ob077,077-01,initial,mpala,buf,second,13,13,FALSE,FALSE,TRUE,TRUE,FALSE,FALSE,FALSE,FALSE,TRUE,FALSE,FALSE,,,412,55,4573
ob078,078-01,initial,mpala,buf,first,46,46,TRUE,TRUE,FALSE,TRUE,TRUE,FALSE,FALSE,FALSE,TRUE,TRUE,FALSE,,,86,2,3415
ob078,078-01,initial,mpala,buf,second,53,53,TRUE,FALSE,FALSE,TRUE,FALSE,TRUE,FALSE,FALSE,TRUE,FALSE,TRUE,,,392,24,1100
ob078,078-02,replacement,mpala,buf,first,52,52,TRUE,FALSE,TRUE,TRUE,TRUE,FALSE,FALSE,FALSE,TRUE,TRUE,FALSE,didn't lower down,,201,2,2091
ob078,078-02,replacement,mpala,buf,second,44,44,TRUE,FALSE,TRUE,TRUE,TRUE,FALSE,FALSE,FALSE,FALSE,TRUE,FALSE,,,325,86,3287
ob078,078-03,replacement,mpala,buf,first,50,50,TRUE,FALSE,TRUE,TRUE,TRUE,FALSE,FALSE,FALSE,FALSE,TRUE,FALSE,,,118,12,848
ob078,078-03,replacement,mpala,NAN,second,NAN,NAN,NAN,NAN,NAN,NAN,NAN,NAN,NAN,NAN,NAN,NAN,NAN,observation ends before second clip,TRUE,NAN,NAN,NAN
ob079,079-01,initial,mpala,buf,first,14,14,FALSE,FALSE,TRUE,TRUE,FALSE,FALSE,FALSE,FALSE,TRUE,FALSE,FALSE,,,218,76,2065
ob079,079-01,initial,mpala,buf,second,15,15,FALSE,FALSE,FALSE,TRUE,TRUE,TRUE,FALSE,FALSE,FALSE,TRUE,TRUE,,,245,76,3080
ob079,079-02,replacement,mpala,buf,first,12,12,FALSE,FALSE,FALSE,TRUE,TRUE,FALSE,FALSE,FALSE,TRUE,FALSE,FALSE,herd is very close to an active hyena den with cubs present,,116,8,1102
ob079,079-02,replacement,mpala,NAN,second,NAN,NAN,NAN,NAN,NAN,NAN,NAN,NAN,NAN,NAN,NAN,NAN,NAN,observation ends before second clip,TRUE,,,
ob080,080-01,initial,mpala,imp,first,44,44,TRUE,FALSE,TRUE,TRUE,FALSE,FALSE,FALSE,TRUE,FALSE,FALSE,FALSE,,,94,7,2689
ob080,080-01,initial,mpala,imp,second,44,44,TRUE,FALSE,TRUE,TRUE,FALSE,FALSE,FALSE,TRUE,FALSE,FALSE,FALSE,,,298,71,3943
ob080,080-02,replacement,mpala,imp,first,46,46,TRUE,FALSE,TRUE,TRUE,TRUE,FALSE,FALSE,FALSE,TRUE,TRUE,FALSE,,,28,92,1597
ob080,080-02,replacement,mpala,imp,second,37,37,TRUE,TRUE,TRUE,TRUE,FALSE,FALSE,FALSE,TRUE,FALSE,FALSE,FALSE,,,304,67,4693
ob080,080-03,replacement,mpala,imp,first,47,47,TRUE,FALSE,TRUE,TRUE,TRUE,TRUE,FALSE,TRUE,TRUE,FALSE,FALSE,video started when drone was already over group - check how long drone was in place before video started; tractor drives by on road during observation,,193,34,366
ob080,080-03,replacement,mpala,imp,second,45,45,TRUE,FALSE,TRUE,TRUE,FALSE,FALSE,FALSE,TRUE,FALSE,FALSE,FALSE,,,358,24,3004
ob081,081-01,initial,mpala,gg,first,3,19,FALSE,NAN,TRUE,TRUE,NAN,NAN,NAN,NAN,NAN,NAN,NAN,leave/enter frame due to drone movement,,26,72,150
ob081,081-01,initial,mpala,pz,first,5,19,FALSE,FALSE,TRUE,TRUE,TRUE,FALSE,FALSE,FALSE,TRUE,FALSE,FALSE,,,26,72,150
ob081,081-01,initial,mpala,eland,first,11,19,FALSE,FALSE,TRUE,TRUE,TRUE,FALSE,FALSE,FALSE,FALSE,TRUE,FALSE,,,26,72,150
ob081,081-01,initial,mpala,pz,second,2,13,FALSE,NAN,TRUE,NAN,NAN,NAN,NAN,NAN,NAN,NAN,NAN,,,456,26,2898
ob081,081-01,initial,mpala,eland,second,11,13,FALSE,FALSE,TRUE,TRUE,TRUE,FALSE,FALSE,TRUE,FALSE,FALSE,FALSE,,,456,26,2898
ob081,081-02,replacement,mpala,eland,first,11,16,FALSE,FALSE,TRUE,TRUE,TRUE,FALSE,FALSE,TRUE,FALSE,TRUE,FALSE,,,125,52,1080
ob081,081-02,replacement,mpala,pz,first,5,16,FALSE,FALSE,TRUE,TRUE,TRUE,FALSE,FALSE,TRUE,FALSE,FALSE,FALSE,,,125,52,1080
ob081,081-02,replacement,mpala,eland,second,10,15,FALSE,FALSE,TRUE,TRUE,TRUE,FALSE,FALSE,TRUE,TRUE,FALSE,FALSE,,,437,80,2299
ob081,081-02,replacement,mpala,pz,second,5,15,FALSE,FALSE,TRUE,TRUE,FALSE,FALSE,FALSE,TRUE,FALSE,FALSE,FALSE,,,437,80,2299
ob081,081-03,replacement,mpala,eland,first,10,14,FALSE,TRUE,TRUE,TRUE,FALSE,FALSE,FALSE,TRUE,FALSE,FALSE,FALSE,,,121,39,3766
ob081,081-03,replacement,mpala,pz,first,4,14,FALSE,TRUE,TRUE,TRUE,FALSE,FALSE,FALSE,TRUE,FALSE,FALSE,FALSE,,,121,39,3766
ob081,081-03,replacement,mpala,eland,second,NAN,NAN,NAN,NAN,NAN,NAN,NAN,NAN,NAN,NAN,NAN,NAN,NAN,observation ends before second clip,TRUE,NAN,NAN,NAN
ob082,082-01,initial,mpala,pz,first,27,27,TRUE,FALSE,TRUE,TRUE,TRUE,TRUE,FALSE,FALSE,TRUE,FALSE,FALSE,,,127,11,1054
ob082,082-01,initial,mpala,pz,second,20,20,FALSE,FALSE,TRUE,TRUE,FALSE,FALSE,FALSE,TRUE,TRUE,FALSE,FALSE,,,359,11,1210
ob082,082-02,replacement,mpala,pz,first,20,20,FALSE,FALSE,TRUE,TRUE,FALSE,FALSE,FALSE,TRUE,FALSE,FALSE,FALSE,video started when drone was already over group - check how long drone was in place before video started,,89,95,2877
ob082,082-02,replacement,mpala,pz,second,16,16,FALSE,TRUE,TRUE,TRUE,FALSE,FALSE,FALSE,TRUE,FALSE,FALSE,FALSE,,,249,31,3698
ob082,082-03,replacement,mpala,pz,first,16,16,FALSE,FALSE,TRUE,FALSE,FALSE,FALSE,FALSE,TRUE,FALSE,FALSE,FALSE,gimbal down may be at 4:10,,35,17,3373
ob082,082-03,replacement,mpala,pz,second,16,16,FALSE,FALSE,TRUE,TRUE,FALSE,FALSE,FALSE,TRUE,FALSE,FALSE,FALSE,,,256,36,488
ob083,083-01,initial,mpala,gz,first,9,9,FALSE,FALSE,TRUE,TRUE,TRUE,FALSE,FALSE,TRUE,TRUE,FALSE,FALSE,,,207,97,2204
ob083,083-01,initial,mpala,gz,second,8,8,FALSE,FALSE,TRUE,TRUE,FALSE,FALSE,FALSE,TRUE,FALSE,FALSE,FALSE,,,385,82,181
ob083,083-02,replacement,mpala,gz,first,8,8,FALSE,TRUE,TRUE,TRUE,TRUE,FALSE,FALSE,TRUE,FALSE,FALSE,FALSE,"walking, but graze-walking, not flight",,38,67,3977
ob083,083-02,replacement,mpala,gz,second,5,11,FALSE,TRUE,TRUE,TRUE,FALSE,FALSE,TRUE,FALSE,FALSE,FALSE,FALSE,,,303,28,1681
ob083,083-02,replacement,mpala,imp,second,6,11,FALSE,TRUE,TRUE,TRUE,NAN,NAN,FALSE,TRUE,FALSE,FALSE,FALSE,,,303,28,1681
ob083,083-03,replacement,mpala,gz,first,3,10,FALSE,TRUE,TRUE,FALSE,TRUE,FALSE,TRUE,TRUE,FALSE,FALSE,FALSE,,,178,64,1970
ob083,083-03,replacement,mpala,imp,first,7,10,FALSE,FALSE,TRUE,TRUE,FALSE,FALSE,FALSE,TRUE,FALSE,FALSE,FALSE,running prompted by Grevy's interaction,,178,64,1970
ob083,083-03,replacement,mpala,gz,second,NAN,NAN,NAN,NAN,NAN,NAN,NAN,NAN,NAN,NAN,NAN,NAN,NAN,clip falls during scare,TRUE,NAN,NAN,NAN
ob084,084-01,initial,mpala,imp,first,11,11,TRUE,TRUE,TRUE,TRUE,FALSE,FALSE,TRUE,TRUE,FALSE,FALSE,FALSE,,,80,82,1027
ob084,084-01,initial,mpala,imp,second,7,7,FALSE,FALSE,TRUE,TRUE,FALSE,FALSE,FALSE,TRUE,FALSE,FALSE,FALSE,,,383,52,4908
ob084,084-02,replacement,mpala,imp,first,10,10,TRUE,TRUE,TRUE,TRUE,FALSE,FALSE,TRUE,TRUE,FALSE,FALSE,FALSE,"motorbike drives near group, causes brief startle",,19,68,4662
ob084,084-02,replacement,mpala,imp,second,11,11,TRUE,FALSE,TRUE,TRUE,FALSE,FALSE,FALSE,TRUE,FALSE,FALSE,FALSE,,,321,70,498
ob084,084-03,replacement,mpala,imp,first,12,12,TRUE,FALSE,TRUE,TRUE,FALSE,FALSE,FALSE,TRUE,FALSE,FALSE,FALSE,never saw prior drone,,115,5,2217
ob084,084-03,replacement,mpala,imp,second,NAN,NAN,NAN,NAN,NAN,NAN,NAN,NAN,NAN,NAN,NAN,NAN,NAN,clip falls during scare,TRUE,NAN,NAN,NAN
ob085,085-01,initial,mpala,buf,first,31,31,TRUE,TRUE,TRUE,TRUE,TRUE,FALSE,TRUE,FALSE,TRUE,FALSE,FALSE,,,183,89,1869
ob085,085-01,initial,mpala,buf,second,47,47,TRUE,TRUE,TRUE,TRUE,FALSE,FALSE,TRUE,TRUE,FALSE,FALSE,FALSE,,,305,36,2048
ob085,085-02,replacement,mpala,buf,first,42,42,TRUE,TRUE,TRUE,TRUE,FALSE,FALSE,TRUE,TRUE,FALSE,FALSE,FALSE,,,174,73,2830
ob085,085-02,replacement,mpala,buf,second,48,48,TRUE,TRUE,TRUE,FALSE,FALSE,FALSE,TRUE,FALSE,FALSE,FALSE,FALSE,,,317,28,2251
ob085,085-03,replacement,mpala,buf,first,46,46,TRUE,TRUE,FALSE,TRUE,FALSE,FALSE,TRUE,FALSE,FALSE,FALSE,FALSE,,,212,23,1220
ob085,085-03,replacement,mpala,buf,second,44,44,FALSE,TRUE,FALSE,FALSE,FALSE,FALSE,TRUE,FALSE,FALSE,FALSE,FALSE,,,360,6,464
ob086,086-01,initial,mpala,gz,first,10,44,FALSE,FALSE,TRUE,TRUE,FALSE,FALSE,FALSE,TRUE,FALSE,FALSE,FALSE,,no second clip because animals were disturbed/startled by slamming car door (not ours),83,32,2668
ob086,086-01,initial,mpala,kudu,first,9,44,TRUE,TRUE,TRUE,FALSE,FALSE,FALSE,TRUE,TRUE,FALSE,FALSE,FALSE,,no second clip because animals were disturbed/startled by slamming car door (not ours),83,32,2668
ob086,086-01,initial,mpala,imp,first,25,44,TRUE,TRUE,TRUE,FALSE,FALSE,FALSE,TRUE,FALSE,FALSE,FALSE,FALSE,,no second clip because animals were disturbed/startled by slamming car door (not ours),83,32,2668
ob087,087-01,initial,mpala,imp,first,1,16,FALSE,NAN,NAN,TRUE,NAN,NAN,NAN,NAN,NAN,NAN,NAN,leave/enter frame due to drone movement,,56,47,1547
ob087,087-01,initial,mpala,gz,first,15,16,TRUE,TRUE,TRUE,TRUE,TRUE,FALSE,TRUE,FALSE,FALSE,FALSE,FALSE,"some walking, but appears to result from aggressive/displacement interactions",,56,47,1547
ob087,087-01,initial,mpala,imp,second,2,16,FALSE,TRUE,FALSE,TRUE,FALSE,FALSE,TRUE,FALSE,FALSE,FALSE,FALSE,,,388,6,4737
ob087,087-01,initial,mpala,gz,second,14,16,TRUE,TRUE,TRUE,TRUE,FALSE,FALSE,TRUE,FALSE,FALSE,FALSE,FALSE,,,388,6,4737
ob087,087-02,replacement,mpala,gz,first,15,16,TRUE,TRUE,TRUE,TRUE,FALSE,FALSE,TRUE,FALSE,TRUE,FALSE,FALSE,never saw prior drone,,153,77,373
ob087,087-02,replacement,mpala,imp,first,1,16,FALSE,TRUE,FALSE,FALSE,FALSE,FALSE,TRUE,FALSE,FALSE,FALSE,FALSE,,,153,77,373
ob087,087-02,replacement,mpala,gz,second,15,15,TRUE,TRUE,TRUE,TRUE,FALSE,FALSE,TRUE,FALSE,FALSE,FALSE,FALSE,,,233,49,1182
ob087,087-03,replacement,mpala,gz,first,NAN,NAN,NAN,NAN,NAN,NAN,NAN,NAN,NAN,NAN,NAN,NAN,NAN,camera malfunction - flight aborted; cannot assess behavior in 1-sec clips,TRUE,NAN,NAN,NAN
ob087,087-04,replacement,mpala,gz,first,14,17,TRUE,TRUE,TRUE,TRUE,FALSE,FALSE,TRUE,FALSE,FALSE,FALSE,FALSE,,,90,52,4292
ob087,087-04,replacement,mpala,imp,first,3,17,FALSE,FALSE,FALSE,TRUE,FALSE,FALSE,FALSE,FALSE,TRUE,FALSE,FALSE,,,90,52,4292
ob087,087-04,replacement,mpala,gz,second,15,18,TRUE,TRUE,TRUE,TRUE,TRUE,FALSE,FALSE,TRUE,TRUE,FALSE,FALSE,,,279,17,3838
ob087,087-04,replacement,mpala,imp,second,3,18,FALSE,TRUE,TRUE,TRUE,FALSE,FALSE,NAN,NAN,NAN,NAN,NAN,,,279,17,3838
ob087,087-05,replacement,mpala,gz,first,15,18,TRUE,TRUE,FALSE,TRUE,FALSE,FALSE,TRUE,FALSE,FALSE,FALSE,FALSE,,,189,28,4063
ob087,087-05,replacement,mpala,imp,first,3,18,FALSE,FALSE,FALSE,TRUE,FALSE,FALSE,FALSE,FALSE,TRUE,FALSE,FALSE,,,189,28,4063
ob087,087-05,replacement,mpala,gz,second,NAN,NAN,NAN,NAN,NAN,NAN,NAN,NAN,NAN,NAN,NAN,NAN,NAN,clip falls during scare,TRUE,NAN,NAN,NAN
ob087,087-05,replacement,mpala,imp,second,NAN,NAN,NAN,NAN,NAN,NAN,NAN,NAN,NAN,NAN,NAN,NAN,NAN,clip falls during scare,TRUE,NAN,NAN,NAN
ob088,088-01,initial,mpala,gz,first,18,18,TRUE,FALSE,TRUE,TRUE,FALSE,FALSE,FALSE,TRUE,FALSE,FALSE,FALSE,,,75,60,4099
ob088,088-01,initial,mpala,gz,second,18,18,TRUE,FALSE,TRUE,TRUE,FALSE,FALSE,FALSE,TRUE,FALSE,FALSE,FALSE,,,407,64,744
ob088,088-02,replacement,mpala,gz,first,18,18,TRUE,FALSE,TRUE,TRUE,FALSE,TRUE,FALSE,TRUE,FALSE,FALSE,FALSE,,,47,19,2600
ob088,088-02,replacement,mpala,gz,second,18,18,TRUE,FALSE,TRUE,TRUE,FALSE,FALSE,FALSE,TRUE,FALSE,FALSE,FALSE,,,399,90,2335
ob088,088-03,replacement,mpala,gz,first,18,18,TRUE,FALSE,TRUE,FALSE,FALSE,FALSE,FALSE,TRUE,FALSE,FALSE,FALSE,,,16,26,2815
ob088,088-03,replacement,mpala,gz,second,NAN,NAN,NAN,NAN,NAN,NAN,NAN,NAN,NAN,NAN,NAN,NAN,NAN,clip falls after scare,TRUE,NAN,NAN,NAN
ob089,089-01,initial,mpala,imp,first,6,11,FALSE,TRUE,TRUE,TRUE,FALSE,FALSE,TRUE,FALSE,FALSE,FALSE,FALSE,,,59,27,3646
ob089,089-01,initial,mpala,waterbuck,first,5,11,FALSE,TRUE,FALSE,FALSE,FALSE,FALSE,TRUE,FALSE,FALSE,FALSE,FALSE,,,59,27,3646
ob089,089-01,initial,mpala,imp,second,6,10,FALSE,TRUE,FALSE,FALSE,FALSE,FALSE,TRUE,FALSE,FALSE,FALSE,FALSE,,,324,65,1725
ob089,089-01,initial,mpala,waterbuck,second,4,10,FALSE,TRUE,FALSE,FALSE,FALSE,FALSE,TRUE,FALSE,FALSE,FALSE,FALSE,,,324,65,1725
ob089,089-02,replacement,mpala,imp,first,6,11,FALSE,TRUE,FALSE,TRUE,FALSE,FALSE,TRUE,FALSE,FALSE,FALSE,FALSE,,,170,100,3938
ob089,089-02,replacement,mpala,waterbuck,first,5,11,FALSE,TRUE,FALSE,FALSE,FALSE,FALSE,TRUE,FALSE,FALSE,FALSE,FALSE,,,170,100,3938
ob089,089-02,replacement,mpala,imp,second,NAN,NAN,NAN,NAN,NAN,NAN,NAN,NAN,NAN,NAN,NAN,NAN,NAN,clip falls after scare,TRUE,NAN,NAN,NAN
ob089,089-02,replacement,mpala,waterbuck,second,NAN,NAN,NAN,NAN,NAN,NAN,NAN,NAN,NAN,NAN,NAN,NAN,NAN,clip falls after scare,TRUE,NAN,NAN,NAN
ob090,090-01,initial,mpala,gz,first,4,5,FALSE,FALSE,TRUE,FALSE,TRUE,FALSE,FALSE,FALSE,FALSE,TRUE,FALSE,,,49,18,3884
ob090,090-01,initial,mpala,giraffe,first,1,5,FALSE,NAN,NAN,TRUE,NAN,NAN,NAN,NAN,NAN,NAN,NAN,enters frame due to drone movement,,49,18,3884
ob090,090-01,initial,mpala,gz,second,13,14,FALSE,FALSE,TRUE,TRUE,FALSE,FALSE,FALSE,TRUE,FALSE,FALSE,FALSE,,,295,8,4427
ob090,090-01,initial,mpala,giraffe,second,1,14,FALSE,NAN,NAN,TRUE,NAN,NAN,FALSE,FALSE,TRUE,FALSE,FALSE,,,295,8,4427
ob090,090-02,replacement,mpala,gz,first,13,13,FALSE,FALSE,TRUE,TRUE,FALSE,FALSE,FALSE,TRUE,FALSE,FALSE,FALSE,,,208,70,809
ob090,090-02,replacement,mpala,gz,second,15,15,FALSE,FALSE,TRUE,TRUE,TRUE,FALSE,FALSE,TRUE,FALSE,TRUE,FALSE,,,432,54,2390
ob090,090-03,replacement,mpala,gz,first,14,14,FALSE,FALSE,TRUE,TRUE,FALSE,FALSE,FALSE,TRUE,FALSE,FALSE,FALSE,,,221,59,4339
ob090,090-03,replacement,mpala,gz,second,NAN,NAN,NAN,NAN,NAN,NAN,NAN,NAN,NAN,NAN,NAN,NAN,NAN,clip falls after scare,TRUE,NAN,NAN,NAN
ob091,091-01,initial,opc,pz,first,5,18,TRUE,FALSE,TRUE,FALSE,FALSE,FALSE,FALSE,TRUE,FALSE,FALSE,FALSE,,,139,88,1138
ob091,091-01,initial,opc,buf,first,13,18,FALSE,TRUE,TRUE,TRUE,TRUE,FALSE,TRUE,FALSE,FALSE,TRUE,FALSE,,,139,88,1138
ob091,091-01,initial,opc,pz,second,1,46,FALSE,TRUE,FALSE,FALSE,FALSE,FALSE,TRUE,FALSE,FALSE,FALSE,FALSE,,,246,8,380
ob091,091-01,initial,opc,buf,second,45,46,TRUE,TRUE,TRUE,TRUE,FALSE,FALSE,TRUE,FALSE,FALSE,FALSE,FALSE,,,246,8,380
ob092,092-01,initial,opc,pz,first,13,3,FALSE,TRUE,FALSE,TRUE,TRUE,TRUE,FALSE,FALSE,FALSE,FALSE,TRUE,,,157,45,1276
ob092,092-01,initial,opc,pz,second,4,4,FALSE,FALSE,FALSE,TRUE,TRUE,FALSE,FALSE,FALSE,FALSE,TRUE,FALSE,,,390,41,4708
ob093,093-01,initial,opc,pz,first,18,18,FALSE,TRUE,TRUE,TRUE,FALSE,FALSE,TRUE,TRUE,FALSE,FALSE,FALSE,,,106,71,548
ob093,093-01,initial,opc,pz,second,15,15,FALSE,TRUE,TRUE,TRUE,TRUE,FALSE,FALSE,TRUE,FALSE,TRUE,FALSE,,,352,22,3250
ob093,093-02,replacement,opc,pz,first,20,20,FALSE,TRUE,TRUE,TRUE,TRUE,FALSE,TRUE,TRUE,FALSE,FALSE,FALSE,,,114,66,1380
ob093,093-02,replacement,opc,pz,second,20,20,FALSE,TRUE,TRUE,TRUE,TRUE,FALSE,TRUE,FALSE,FALSE,FALSE,FALSE,,,253,14,2228
ob093,093-03,replacement,opc,pz,first,15,15,FALSE,TRUE,TRUE,TRUE,TRUE,FALSE,TRUE,TRUE,FALSE,FALSE,FALSE,"walking, but graze-walking, not flight; drone did not descend 10 m",,30,47,178
ob093,093-03,replacement,opc,pz,second,NAN,NAN,NAN,NAN,NAN,NAN,NAN,NAN,NAN,NAN,NAN,NAN,NAN,clip falls during scare,TRUE,NAN,NAN,NAN
ob094,094-01,initial,opc,buf,first,7,7,FALSE,TRUE,TRUE,TRUE,FALSE,FALSE,FALSE,FALSE,TRUE,FALSE,FALSE,,,42,91,0
ob094,094-01,initial,opc,buf,second,7,7,FALSE,TRUE,TRUE,TRUE,FALSE,FALSE,TRUE,FALSE,TRUE,FALSE,FALSE,,,235,75,3229
ob094,094-02,replacement,opc,buf,first,7,7,FALSE,TRUE,TRUE,TRUE,FALSE,FALSE,TRUE,FALSE,FALSE,FALSE,FALSE,,,39,81,1951
ob094,094-02,replacement,opc,buf,second,5,5,FALSE,TRUE,TRUE,TRUE,FALSE,FALSE,TRUE,TRUE,FALSE,FALSE,FALSE,,,425,50,1627
ob094,094-03,replacement,opc,buf,first,5,5,FALSE,TRUE,FALSE,TRUE,FALSE,FALSE,TRUE,FALSE,TRUE,FALSE,FALSE,,,187,50,3041
ob094,094-03,replacement,opc,buf,second,5,5,FALSE,FALSE,TRUE,TRUE,TRUE,FALSE,FALSE,FALSE,TRUE,FALSE,FALSE,,,236,51,510
ob094,094-04,replacement,opc,buf,first,5,5,FALSE,TRUE,TRUE,TRUE,FALSE,FALSE,FALSE,FALSE,TRUE,FALSE,FALSE,,,226,11,4541
ob094,094-04,replacement,opc,buf,second,4,4,FALSE,FALSE,FALSE,TRUE,FALSE,FALSE,FALSE,FALSE,TRUE,FALSE,FALSE,,,327,59,2206
ob095,095-01,initial,opc,pz,first,8,8,FALSE,TRUE,TRUE,TRUE,FALSE,FALSE,FALSE,FALSE,TRUE,FALSE,FALSE,,,107,20,1309
ob095,095-01,initial,opc,pz,second,17,17,FALSE,FALSE,TRUE,TRUE,TRUE,TRUE,FALSE,TRUE,TRUE,FALSE,FALSE,,,402,38,262
ob095,095-02,replacement,opc,pz,first,6,6,FALSE,FALSE,TRUE,TRUE,TRUE,FALSE,FALSE,FALSE,TRUE,TRUE,FALSE,,,29,65,564
ob095,095-02,replacement,opc,pz,second,10,10,FALSE,FALSE,TRUE,TRUE,TRUE,FALSE,FALSE,FALSE,FALSE,TRUE,FALSE,,,375,32,2725
ob096,096-01,initial,opc,imp,first,38,38,FALSE,TRUE,TRUE,TRUE,FALSE,FALSE,FALSE,TRUE,FALSE,FALSE,FALSE,,,217,67,2835
ob096,096-01,initial,opc,imp,second,28,34,TRUE,FALSE,TRUE,TRUE,TRUE,FALSE,FALSE,TRUE,FALSE,TRUE,FALSE,,,411,76,1071
ob096,096-01,initial,opc,waterbuck,second,6,34,FALSE,TRUE,NAN,TRUE,NAN,NAN,NAN,NAN,NAN,NAN,NAN,,,411,76,1071
ob096,096-02,replacement,opc,imp,first,31,31,TRUE,FALSE,FALSE,TRUE,TRUE,TRUE,FALSE,FALSE,TRUE,FALSE,TRUE,,,175,65,2594
ob096,096-02,replacement,opc,imp,second,30,30,TRUE,FALSE,TRUE,TRUE,TRUE,TRUE,FALSE,TRUE,FALSE,FALSE,FALSE,,,395,70,481
ob097,097-01,initial,opc,buf,first,90,90,TRUE,FALSE,FALSE,TRUE,TRUE,TRUE,FALSE,FALSE,TRUE,FALSE,TRUE,,,206,91,518
ob097,097-01,initial,opc,buf,second,87,93,TRUE,FALSE,TRUE,TRUE,TRUE,TRUE,FALSE,FALSE,FALSE,TRUE,TRUE,,,394,48,523
ob097,097-01,initial,opc,pz,second,6,93,FALSE,NAN,TRUE,TRUE,TRUE,NAN,FALSE,TRUE,FALSE,TRUE,FALSE,,,,,
ob098,098-01,initial,opc,buf,first,150,150,TRUE,FALSE,FALSE,TRUE,TRUE,FALSE,FALSE,FALSE,TRUE,TRUE,FALSE,,,43,79,281
ob098,098-01,initial,opc,buf,second,169,169,TRUE,TRUE,TRUE,TRUE,TRUE,FALSE,FALSE,TRUE,FALSE,TRUE,FALSE,,,299,54,1141
ob099,099-01,initial,opc,gg,first,18,18,FALSE,TRUE,TRUE,TRUE,FALSE,FALSE,TRUE,FALSE,FALSE,FALSE,FALSE,,,210,39,2195
ob099,099-01,initial,opc,gg,second,17,17,FALSE,FALSE,TRUE,TRUE,TRUE,FALSE,FALSE,FALSE,TRUE,TRUE,FALSE,,,356,72,909
ob100,100-01,initial,opc,pz,first,4,8,FALSE,FALSE,FALSE,FALSE,TRUE,FALSE,FALSE,FALSE,FALSE,TRUE,FALSE,,,123,100,4679
ob100,100-01,initial,opc,tg,first,4,8,FALSE,TRUE,TRUE,FALSE,FALSE,FALSE,TRUE,TRUE,FALSE,FALSE,FALSE,,,123,100,4679
ob100,100-01,initial,opc,pz,second,4,4,FALSE,FALSE,TRUE,TRUE,TRUE,FALSE,FALSE,TRUE,FALSE,TRUE,FALSE,,,419,81,3173
ob101,101-01,initial,mpala,pz,first,2,12,FALSE,FALSE,TRUE,TRUE,FALSE,FALSE,FALSE,TRUE,FALSE,FALSE,FALSE,,,103,61,2993
ob101,101-01,initial,mpala,imp,first,10,12,FALSE,FALSE,TRUE,TRUE,FALSE,FALSE,FALSE,TRUE,FALSE,FALSE,FALSE,,,103,61,2993
ob101,101-01,initial,mpala,pz,second,2,12,FALSE,FALSE,TRUE,TRUE,TRUE,FALSE,FALSE,TRUE,FALSE,FALSE,FALSE,,,248,86,4652
ob101,101-01,initial,mpala,imp,second,10,12,FALSE,TRUE,TRUE,TRUE,FALSE,FALSE,FALSE,TRUE,FALSE,FALSE,FALSE,,,248,86,4652
ob101,101-02,replacement,mpala,pz,first,2,12,FALSE,NAN,TRUE,NAN,NAN,NAN,NAN,NAN,NAN,NAN,NAN,,,57,9,34
ob101,101-02,replacement,mpala,imp,first,10,12,FALSE,FALSE,TRUE,TRUE,FALSE,FALSE,FALSE,TRUE,FALSE,FALSE,FALSE,,,57,9,34
ob101,101-02,replacement,mpala,pz,second,2,12,FALSE,FALSE,TRUE,TRUE,FALSE,FALSE,FALSE,TRUE,FALSE,FALSE,FALSE,,,251,91,3207
ob101,101-02,replacement,mpala,imp,second,10,12,FALSE,FALSE,TRUE,TRUE,FALSE,FALSE,FALSE,TRUE,FALSE,FALSE,FALSE,,,251,91,3207
ob101,101-03,replacement,mpala,pz,first,3,12,FALSE,FALSE,TRUE,TRUE,FALSE,FALSE,FALSE,TRUE,FALSE,FALSE,FALSE,,,172,20,764
ob101,101-03,replacement,mpala,imp,first,9,12,FALSE,FALSE,TRUE,TRUE,FALSE,FALSE,FALSE,TRUE,TRUE,FALSE,FALSE,,,172,20,764
ob101,101-03,replacement,mpala,pz,second,NAN,NAN,NAN,NAN,NAN,NAN,NAN,NAN,NAN,NAN,NAN,NAN,NAN,clip falls during scare,TRUE,NAN,NAN,NAN
ob101,101-03,replacement,mpala,imp,second,NAN,NAN,NAN,NAN,NAN,NAN,NAN,NAN,NAN,NAN,NAN,NAN,NAN,clip falls during scare,TRUE,NAN,NAN,NAN
ob102,102-01,initial,mpala,pz,first,6,6,FALSE,FALSE,TRUE,TRUE,TRUE,TRUE,FALSE,FALSE,TRUE,FALSE,TRUE,,,177,97,1969
ob102,102-01,initial,mpala,pz,second,6,6,FALSE,FALSE,FALSE,TRUE,TRUE,TRUE,FALSE,FALSE,FALSE,TRUE,TRUE,,,450,68,3248
ob102,102-02,replacement,mpala,pz,first,6,6,FALSE,FALSE,TRUE,TRUE,FALSE,FALSE,FALSE,TRUE,FALSE,FALSE,FALSE,,,143,65,2081
ob102,102-02,replacement,mpala,pz,second,6,6,TRUE,FALSE,TRUE,TRUE,TRUE,TRUE,FALSE,FALSE,FALSE,TRUE,FALSE,,,268,41,1145
ob103,103-01,initial,mpala,imp,first,31,31,TRUE,TRUE,TRUE,TRUE,FALSE,FALSE,FALSE,TRUE,FALSE,FALSE,FALSE,,,11,40,4999
ob103,103-01,initial,mpala,imp,second,27,27,TRUE,FALSE,TRUE,TRUE,FALSE,TRUE,FALSE,TRUE,FALSE,FALSE,FALSE,,,237,50,388
ob103,103-02,replacement,mpala,imp,first,25,25,TRUE,TRUE,TRUE,TRUE,FALSE,FALSE,FALSE,TRUE,FALSE,FALSE,FALSE,,,71,81,708
ob103,103-02,replacement,mpala,imp,second,26,26,TRUE,FALSE,TRUE,TRUE,FALSE,FALSE,FALSE,TRUE,FALSE,FALSE,FALSE,,,401,42,4831
ob103,103-03,replacement,mpala,imp,first,36,37,TRUE,FALSE,TRUE,TRUE,TRUE,FALSE,FALSE,TRUE,FALSE,FALSE,FALSE,,,196,37,1777
ob103,103-03,replacement,mpala,gz,first,1,37,FALSE,FALSE,TRUE,FALSE,FALSE,FALSE,FALSE,TRUE,FALSE,FALSE,FALSE,,,196,37,1777
ob103,103-03,replacement,mpala,imp,second,NAN,NAN,NAN,NAN,NAN,NAN,NAN,NAN,NAN,NAN,NAN,NAN,NAN,clip falls during scare,TRUE,NAN,NAN,NAN
ob103,103-03,replacement,mpala,gz,second,NAN,NAN,NAN,NAN,NAN,NAN,NAN,NAN,NAN,NAN,NAN,NAN,NAN,clip falls during scare,TRUE,NAN,NAN,NAN
ob104,104-01,initial,mpala,pz,first,10,10,FALSE,TRUE,TRUE,TRUE,TRUE,FALSE,FALSE,FALSE,TRUE,TRUE,FALSE,,,34,8,3488
ob104,104-01,initial,mpala,pz,second,5,5,FALSE,TRUE,TRUE,TRUE,FALSE,FALSE,FALSE,TRUE,FALSE,FALSE,FALSE,,,455,23,646
ob104,104-02,replacement,mpala,pz,first,5,10,FALSE,TRUE,TRUE,TRUE,FALSE,FALSE,TRUE,FALSE,FALSE,FALSE,FALSE,video started when drone was already over group - check how long drone was in place before video started,,179,18,1030
ob104,104-02,replacement,mpala,gg,first,5,10,FALSE,TRUE,TRUE,TRUE,FALSE,FALSE,TRUE,TRUE,FALSE,FALSE,FALSE,,,179,18,1030
ob104,104-02,replacement,mpala,pz,second,5,10,FALSE,TRUE,FALSE,TRUE,FALSE,FALSE,TRUE,FALSE,FALSE,FALSE,FALSE,,,326,21,1938
ob104,104-02,replacement,mpala,gg,second,5,10,FALSE,FALSE,TRUE,TRUE,FALSE,FALSE,FALSE,TRUE,FALSE,FALSE,FALSE,,,326,21,1938
ob104,104-03,replacement,mpala,pz,first,5,9,TRUE,TRUE,TRUE,TRUE,FALSE,FALSE,TRUE,FALSE,FALSE,FALSE,FALSE,,,142,29,2078
ob104,104-03,replacement,mpala,gg,first,4,9,TRUE,FALSE,TRUE,TRUE,FALSE,FALSE,FALSE,TRUE,FALSE,FALSE,FALSE,,,142,29,2078
ob104,104-03,replacement,mpala,pz,second,5,9,FALSE,TRUE,TRUE,TRUE,FALSE,FALSE,TRUE,FALSE,FALSE,FALSE,FALSE,,,275,41,1299
ob104,104-03,replacement,mpala,gg,second,4,9,FALSE,FALSE,TRUE,TRUE,FALSE,FALSE,FALSE,TRUE,FALSE,FALSE,FALSE,,,275,41,1299
ob105,105-01,initial,mpala,buf,first,42,42,TRUE,FALSE,TRUE,TRUE,TRUE,FALSE,FALSE,FALSE,TRUE,FALSE,FALSE,,,158,24,3606
ob105,105-01,initial,mpala,buf,second,46,46,TRUE,TRUE,TRUE,TRUE,TRUE,FALSE,FALSE,TRUE,TRUE,FALSE,FALSE,,,405,18,4548
ob105,105-02,replacement,mpala,buf,first,40,42,TRUE,TRUE,TRUE,TRUE,FALSE,FALSE,FALSE,TRUE,TRUE,FALSE,FALSE,,,152,38,4549
ob105,105-02,replacement,mpala,gz,first,2,42,FALSE,NAN,TRUE,NAN,NAN,NAN,NAN,NAN,NAN,NAN,NAN,,,152,38,4549
ob105,105-02,replacement,mpala,buf,second,29,31,TRUE,TRUE,TRUE,TRUE,FALSE,FALSE,TRUE,FALSE,TRUE,FALSE,FALSE,,,333,64,3053
ob105,105-02,replacement,mpala,gz,second,2,31,TRUE,FALSE,TRUE,TRUE,FALSE,FALSE,FALSE,TRUE,FALSE,FALSE,FALSE,,,333,64,3053
ob106,106-01,initial,mpala,imp,first,21,22,TRUE,TRUE,TRUE,TRUE,FALSE,FALSE,FALSE,TRUE,FALSE,FALSE,FALSE,,,101,5,3490
ob106,106-01,initial,mpala,warthog,first,1,22,FALSE,FALSE,TRUE,FALSE,FALSE,FALSE,FALSE,TRUE,FALSE,FALSE,FALSE,,,101,5,3490
ob106,106-01,initial,mpala,imp,second,21,21,TRUE,TRUE,TRUE,TRUE,FALSE,TRUE,FALSE,TRUE,FALSE,FALSE,FALSE,,,241,49,1792
ob106,106-02,replacement,mpala,imp,first,22,23,TRUE,TRUE,TRUE,FALSE,FALSE,FALSE,FALSE,TRUE,FALSE,FALSE,FALSE,,,13,66,2539
ob106,106-02,replacement,mpala,warthog,first,1,23,FALSE,FALSE,TRUE,TRUE,FALSE,FALSE,FALSE,TRUE,FALSE,FALSE,FALSE,,,13,66,2539
ob106,106-02,replacement,mpala,imp,second,22,22,TRUE,TRUE,TRUE,TRUE,FALSE,FALSE,TRUE,TRUE,FALSE,FALSE,FALSE,,,366,37,4760
ob106,106-03,replacement,mpala,imp,first,22,24,TRUE,TRUE,TRUE,FALSE,FALSE,FALSE,TRUE,FALSE,FALSE,FALSE,FALSE,,,17,82,2292
ob106,106-03,replacement,mpala,imp,second,NAN,NAN,NAN,NAN,NAN,NAN,NAN,NAN,NAN,NAN,NAN,NAN,NAN,clip falls after scare,TRUE,NAN,NAN,NAN
ob107,107-01,initial,mpala,imp,first,31,31,TRUE,TRUE,TRUE,TRUE,FALSE,FALSE,TRUE,FALSE,FALSE,FALSE,FALSE,,,136,24,3641
ob107,107-01,initial,mpala,imp,second,29,29,TRUE,TRUE,TRUE,TRUE,FALSE,FALSE,TRUE,FALSE,FALSE,FALSE,FALSE,,,322,71,4327
ob107,107-02,replacement,mpala,imp,first,23,23,TRUE,FALSE,TRUE,TRUE,FALSE,FALSE,FALSE,TRUE,FALSE,FALSE,FALSE,,,215,58,800
ob107,107-02,replacement,mpala,imp,second,23,23,TRUE,TRUE,TRUE,TRUE,FALSE,FALSE,FALSE,TRUE,FALSE,FALSE,FALSE,,,458,42,3148
ob107,107-03,replacement,mpala,imp,first,29,29,TRUE,FALSE,TRUE,TRUE,FALSE,FALSE,FALSE,TRUE,FALSE,FALSE,FALSE,,,188,67,908
ob107,107-03,replacement,mpala,imp,second,NAN,NAN,NAN,NAN,NAN,NAN,NAN,NAN,NAN,NAN,NAN,NAN,NAN,clip falls during scare,TRUE,NAN,NAN,NAN
ob108,108-01,initial,mpala,gz,first,5,5,TRUE,FALSE,TRUE,TRUE,FALSE,FALSE,FALSE,TRUE,FALSE,FALSE,FALSE,,,211,46,1198
ob108,108-01,initial,mpala,gz,second,5,5,TRUE,FALSE,TRUE,TRUE,TRUE,FALSE,FALSE,TRUE,FALSE,TRUE,FALSE,,,430,67,786
ob109,109-01,initial,mpala,pz,first,5,5,FALSE,TRUE,FALSE,TRUE,FALSE,FALSE,TRUE,FALSE,FALSE,FALSE,FALSE,,,99,0,2274
ob109,109-01,initial,mpala,pz,second,5,5,FALSE,TRUE,FALSE,FALSE,FALSE,FALSE,TRUE,FALSE,FALSE,FALSE,FALSE,,,291,81,4204
ob109,109-02,replacement,mpala,pz,first,11,11,FALSE,TRUE,TRUE,FALSE,TRUE,FALSE,FALSE,FALSE,FALSE,TRUE,FALSE,never saw prior drone,,84,52,3088
ob109,109-02,replacement,mpala,pz,second,14,14,FALSE,TRUE,TRUE,TRUE,TRUE,FALSE,TRUE,TRUE,FALSE,FALSE,FALSE,,,367,69,2517
ob110,110-01,initial,mpala,gz,first,1,40,FALSE,FALSE,TRUE,FALSE,FALSE,FALSE,FALSE,TRUE,FALSE,FALSE,FALSE,,,68,75,3365
ob110,110-01,initial,mpala,pz,first,25,40,TRUE,FALSE,TRUE,TRUE,TRUE,FALSE,FALSE,FALSE,TRUE,FALSE,FALSE,"walking, but graze-walking, not flight",,68,75,3365
ob110,110-01,initial,mpala,oryx,first,13,40,TRUE,FALSE,TRUE,TRUE,TRUE,FALSE,FALSE,TRUE,FALSE,FALSE,FALSE,"walking, but graze-walking, not flight",,68,75,3365
ob110,110-01,initial,mpala,imp,first,1,40,FALSE,TRUE,NAN,NAN,NAN,NAN,TRUE,FALSE,FALSE,FALSE,FALSE,,,68,75,3365
ob110,110-01,initial,mpala,gz,second,1,38,FALSE,FALSE,TRUE,TRUE,FALSE,FALSE,FALSE,TRUE,FALSE,FALSE,FALSE,,,231,97,1719
ob110,110-01,initial,mpala,pz,second,22,38,TRUE,TRUE,TRUE,TRUE,FALSE,FALSE,FALSE,TRUE,FALSE,FALSE,FALSE,,,231,97,1719
ob110,110-01,initial,mpala,oryx,second,13,38,TRUE,TRUE,TRUE,TRUE,FALSE,FALSE,FALSE,TRUE,FALSE,FALSE,FALSE,,,231,97,1719
ob110,110-01,initial,mpala,imp,second,1,38,FALSE,TRUE,FALSE,FALSE,FALSE,FALSE,TRUE,FALSE,FALSE,FALSE,FALSE,,,231,97,1719
ob110,110-01,initial,mpala,gg,second,1,38,FALSE,FALSE,TRUE,TRUE,FALSE,FALSE,FALSE,TRUE,FALSE,FALSE,FALSE,,,231,97,1719
ob110,110-02,replacement,mpala,oryx,first,12,38,TRUE,TRUE,TRUE,FALSE,FALSE,FALSE,FALSE,TRUE,FALSE,FALSE,FALSE,didn't see previous drone for some reason,,50,81,2245
ob110,110-02,replacement,mpala,pz,first,25,38,TRUE,TRUE,TRUE,TRUE,FALSE,FALSE,FALSE,TRUE,FALSE,FALSE,FALSE,didn't see previous drone for some reason,,50,81,2245
ob110,110-02,replacement,mpala,gg,first,1,38,FALSE,FALSE,TRUE,TRUE,FALSE,FALSE,FALSE,TRUE,FALSE,FALSE,FALSE,didn't see previous drone for some reason,,50,81,2245
ob110,110-02,replacement,mpala,oryx,second,13,35,TRUE,TRUE,TRUE,TRUE,FALSE,FALSE,TRUE,TRUE,FALSE,FALSE,FALSE,,,382,19,2747
ob110,110-02,replacement,mpala,pz,second,21,35,TRUE,TRUE,TRUE,TRUE,FALSE,FALSE,TRUE,TRUE,FALSE,FALSE,FALSE,,,382,19,2747
ob110,110-02,replacement,mpala,imp,second,1,35,FALSE,TRUE,FALSE,FALSE,FALSE,FALSE,TRUE,FALSE,FALSE,FALSE,FALSE,,,382,19,2747
ob110,110-03,replacement,mpala,oryx,first,13,30,TRUE,TRUE,TRUE,TRUE,FALSE,FALSE,TRUE,FALSE,FALSE,FALSE,FALSE,,,120,57,916
ob110,110-03,replacement,mpala,pz,first,16,30,TRUE,TRUE,TRUE,TRUE,FALSE,FALSE,FALSE,TRUE,FALSE,FALSE,FALSE,,,120,57,916
ob110,110-03,replacement,mpala,gg,first,1,30,FALSE,FALSE,TRUE,FALSE,FALSE,FALSE,FALSE,TRUE,FALSE,FALSE,FALSE,,,120,57,916
ob110,110-03,replacement,mpala,oryx,second,14,30,TRUE,TRUE,TRUE,FALSE,FALSE,FALSE,TRUE,FALSE,FALSE,FALSE,FALSE,,,228,87,3706
ob110,110-03,replacement,mpala,pz,second,15,30,TRUE,TRUE,TRUE,TRUE,FALSE,FALSE,FALSE,TRUE,FALSE,FALSE,FALSE,,,228,87,3706
ob110,110-03,replacement,mpala,gg,second,1,30,FALSE,NAN,TRUE,NAN,NAN,TRUE,NAN,NAN,NAN,NAN,NAN,,,228,87,3706
ob110,110-04,replacement,mpala,oryx,first,13,36,TRUE,TRUE,FALSE,FALSE,FALSE,FALSE,TRUE,FALSE,FALSE,FALSE,FALSE,,,62,30,2908
ob110,110-04,replacement,mpala,hart,first,1,36,FALSE,NAN,TRUE,NAN,TRUE,NAN,FALSE,FALSE,FALSE,TRUE,FALSE,,,62,30,2908
ob110,110-04,replacement,mpala,pz,first,20,36,TRUE,TRUE,TRUE,TRUE,FALSE,FALSE,TRUE,TRUE,FALSE,FALSE,FALSE,"some zebras walk/run away, but this seems to pretty clearly result from another zebra (stallion, probably) chasing/displacing them",,62,30,2908
ob110,110-04,replacement,mpala,imp,first,2,36,FALSE,FALSE,TRUE,FALSE,FALSE,FALSE,FALSE,TRUE,FALSE,FALSE,FALSE,,,62,30,2908
ob110,110-04,replacement,mpala,oryx,second,13,28,TRUE,TRUE,FALSE,TRUE,FALSE,FALSE,TRUE,FALSE,FALSE,FALSE,FALSE,clip falls during scare?,,329,67,2132
ob110,110-04,replacement,mpala,gg,second,1,28,FALSE,NAN,TRUE,TRUE,TRUE,NAN,FALSE,FALSE,FALSE,TRUE,FALSE,clip falls during scare?,,329,67,2132
ob110,110-04,replacement,mpala,pz,second,12,28,TRUE,TRUE,TRUE,TRUE,TRUE,FALSE,FALSE,TRUE,TRUE,FALSE,FALSE,clip falls during scare?,,329,67,2132
ob110,110-04,replacement,mpala,imp,second,2,28,FALSE,NAN,TRUE,TRUE,TRUE,NAN,FALSE,FALSE,TRUE,FALSE,FALSE,clip falls during scare?,,329,67,2132
ob111,111-01,initial,mpala,imp,first,34,34,TRUE,TRUE,TRUE,TRUE,TRUE,FALSE,FALSE,FALSE,TRUE,TRUE,FALSE,,,194,48,4750
ob111,111-01,initial,mpala,imp,second,33,33,TRUE,FALSE,TRUE,TRUE,FALSE,FALSE,FALSE,TRUE,FALSE,FALSE,FALSE,,,413,8,1251
ob111,111-02,replacement,mpala,imp,first,43,43,FALSE,FALSE,TRUE,TRUE,TRUE,FALSE,FALSE,TRUE,FALSE,FALSE,FALSE,,,220,71,2839
ob111,111-02,replacement,mpala,imp,second,37,37,TRUE,FALSE,TRUE,TRUE,FALSE,FALSE,FALSE,TRUE,FALSE,FALSE,FALSE,,,442,75,164
ob111,111-03,replacement,mpala,imp,first,41,41,TRUE,FALSE,TRUE,TRUE,FALSE,FALSE,FALSE,TRUE,FALSE,FALSE,FALSE,,,95,64,2180
ob111,111-03,replacement,mpala,imp,second,NAN,NAN,NAN,NAN,NAN,NAN,NAN,NAN,NAN,NAN,NAN,NAN,NAN,clip falls after scare,TRUE,NAN,NAN,NAN
ob112,112-01,initial,mpala,imp,first,20,20,TRUE,TRUE,TRUE,FALSE,FALSE,FALSE,TRUE,FALSE,FALSE,FALSE,FALSE,,,22,17,2032
ob112,112-01,initial,mpala,imp,second,20,20,FALSE,TRUE,TRUE,TRUE,FALSE,FALSE,TRUE,TRUE,FALSE,FALSE,FALSE,,,380,15,4618
ob112,112-02,replacement,mpala,imp,first,20,20,FALSE,TRUE,TRUE,TRUE,FALSE,FALSE,TRUE,TRUE,FALSE,FALSE,FALSE,,,132,24,3274
ob112,112-02,replacement,mpala,imp,second,NAN,NAN,NAN,NAN,NAN,NAN,NAN,NAN,NAN,NAN,NAN,NAN,NAN,clip falls after scare?,TRUE,NAN,NAN,NAN
ob113,113-01,initial,mpala,imp,first,41,41,TRUE,TRUE,TRUE,TRUE,FALSE,FALSE,FALSE,TRUE,FALSE,FALSE,FALSE,,,145,81,1405
ob113,113-01,initial,mpala,imp,second,40,40,TRUE,TRUE,TRUE,TRUE,FALSE,FALSE,TRUE,TRUE,FALSE,FALSE,FALSE,,,289,55,4373
ob113,113-02,replacement,mpala,imp,first,42,42,TRUE,TRUE,TRUE,TRUE,FALSE,FALSE,TRUE,FALSE,FALSE,FALSE,FALSE,,,112,49,3164
ob113,113-02,replacement,mpala,imp,second,41,41,TRUE,FALSE,TRUE,TRUE,FALSE,FALSE,FALSE,TRUE,FALSE,FALSE,FALSE,,,396,92,3054
ob114,114-01,initial,mpala,gz,first,2,23,FALSE,TRUE,TRUE,FALSE,FALSE,FALSE,TRUE,TRUE,FALSE,FALSE,FALSE,,,48,11,2197
ob114,114-01,initial,mpala,imp,first,21,23,TRUE,TRUE,TRUE,FALSE,FALSE,FALSE,TRUE,FALSE,FALSE,FALSE,FALSE,,,48,11,2197
ob114,114-01,initial,mpala,gz,second,2,34,FALSE,TRUE,TRUE,TRUE,FALSE,FALSE,TRUE,TRUE,FALSE,FALSE,FALSE,,,377,78,3060
ob114,114-01,initial,mpala,imp,second,22,34,TRUE,TRUE,TRUE,TRUE,FALSE,FALSE,TRUE,FALSE,FALSE,FALSE,FALSE,,,377,78,3060
ob114,114-01,initial,mpala,pz,second,10,34,TRUE,TRUE,TRUE,TRUE,FALSE,FALSE,TRUE,FALSE,FALSE,FALSE,FALSE,,,,,
ob114,114-02,replacement,mpala,imp,first,22,34,TRUE,TRUE,TRUE,FALSE,FALSE,FALSE,TRUE,FALSE,FALSE,FALSE,FALSE,,,9,43,149
ob114,114-02,replacement,mpala,gz,first,2,34,FALSE,FALSE,TRUE,FALSE,FALSE,FALSE,FALSE,TRUE,FALSE,FALSE,FALSE,,,9,43,149
ob114,114-02,replacement,mpala,pz,first,10,34,TRUE,TRUE,TRUE,FALSE,FALSE,FALSE,TRUE,FALSE,FALSE,FALSE,FALSE,,,9,43,149
ob114,114-02,replacement,mpala,imp,second,22,33,TRUE,TRUE,TRUE,FALSE,FALSE,FALSE,TRUE,FALSE,FALSE,FALSE,FALSE,,,276,67,4147
ob114,114-02,replacement,mpala,gz,second,2,33,FALSE,FALSE,TRUE,FALSE,FALSE,FALSE,FALSE,TRUE,FALSE,FALSE,FALSE,,,276,67,4147
ob114,114-02,replacement,mpala,pz,second,9,33,TRUE,TRUE,TRUE,TRUE,FALSE,FALSE,TRUE,TRUE,FALSE,FALSE,FALSE,,,276,67,4147
ob114,114-03,replacement,mpala,imp,first,22,34,TRUE,TRUE,TRUE,FALSE,FALSE,FALSE,TRUE,FALSE,FALSE,FALSE,FALSE,,,20,22,1928
ob114,114-03,replacement,mpala,gz,first,2,34,FALSE,TRUE,FALSE,FALSE,FALSE,FALSE,TRUE,FALSE,FALSE,FALSE,FALSE,,,20,22,1928
ob114,114-03,replacement,mpala,pz,first,10,34,TRUE,TRUE,TRUE,FALSE,FALSE,FALSE,TRUE,FALSE,FALSE,FALSE,FALSE,,,20,22,1928
ob114,114-03,replacement,mpala,imp,second,NAN,NAN,NAN,NAN,NAN,NAN,NAN,NAN,NAN,NAN,NAN,NAN,NAN,clip falls during scare,TRUE,NAN,NAN,NAN
ob114,114-03,replacement,mpala,gz,second,NAN,NAN,NAN,NAN,NAN,NAN,NAN,NAN,NAN,NAN,NAN,NAN,NAN,clip falls during scare,TRUE,NAN,NAN,NAN
ob114,114-03,replacement,mpala,pz,second,NAN,NAN,NAN,NAN,NAN,NAN,NAN,NAN,NAN,NAN,NAN,NAN,NAN,clip falls during scare,TRUE,NAN,NAN,NAN
ob115,115-01,initial,mpala,gz,first,1,30,FALSE,TRUE,FALSE,TRUE,TRUE,FALSE,TRUE,FALSE,FALSE,FALSE,FALSE,,,77,13,8
ob115,115-01,initial,mpala,pz,first,19,30,TRUE,TRUE,TRUE,TRUE,FALSE,FALSE,FALSE,TRUE,FALSE,FALSE,FALSE,,,77,13,8
ob115,115-01,initial,mpala,oryx,first,10,30,TRUE,TRUE,TRUE,TRUE,FALSE,FALSE,TRUE,FALSE,FALSE,FALSE,FALSE,,,77,13,8
ob115,115-01,initial,mpala,gz,second,1,36,FALSE,FALSE,TRUE,TRUE,FALSE,FALSE,FALSE,TRUE,FALSE,FALSE,FALSE,,,428,49,2774
ob115,115-01,initial,mpala,pz,second,25,36,TRUE,FALSE,TRUE,TRUE,TRUE,FALSE,FALSE,TRUE,FALSE,FALSE,FALSE,,,428,49,2774
ob115,115-01,initial,mpala,oryx,second,10,36,TRUE,FALSE,TRUE,TRUE,FALSE,FALSE,FALSE,TRUE,FALSE,FALSE,FALSE,,,428,49,2774
ob115,115-02,replacement,mpala,pz,first,24,34,TRUE,TRUE,TRUE,TRUE,FALSE,FALSE,FALSE,TRUE,FALSE,FALSE,FALSE,"walking, but graze-walking, not flight",,58,87,173
ob115,115-02,replacement,mpala,oryx,first,10,34,TRUE,FALSE,TRUE,TRUE,TRUE,FALSE,FALSE,TRUE,FALSE,FALSE,FALSE,"walking, but graze-walking, not flight",,58,87,173
ob115,115-02,replacement,mpala,pz,second,24,34,TRUE,TRUE,TRUE,TRUE,FALSE,FALSE,FALSE,TRUE,FALSE,FALSE,FALSE,,,312,10,2261
ob115,115-02,replacement,mpala,oryx,second,10,34,TRUE,FALSE,TRUE,TRUE,FALSE,FALSE,FALSE,TRUE,FALSE,FALSE,FALSE,,,312,10,2261
ob115,115-03,replacement,mpala,oryx,first,10,35,TRUE,TRUE,TRUE,TRUE,FALSE,FALSE,FALSE,FALSE,TRUE,FALSE,FALSE,,,227,54,2095
ob115,115-03,replacement,mpala,gz,first,1,35,FALSE,FALSE,TRUE,TRUE,TRUE,FALSE,FALSE,FALSE,FALSE,TRUE,FALSE,,,227,54,2095
ob115,115-03,replacement,mpala,pz,first,23,35,TRUE,TRUE,TRUE,TRUE,TRUE,FALSE,TRUE,FALSE,TRUE,FALSE,FALSE,,,227,54,2095
ob115,115-03,replacement,mpala,hart,first,1,35,FALSE,FALSE,TRUE,TRUE,FALSE,FALSE,FALSE,FALSE,TRUE,FALSE,FALSE,,,227,54,2095
ob115,115-03,replacement,mpala,oryx,second,10,26,TRUE,TRUE,TRUE,TRUE,FALSE,FALSE,TRUE,FALSE,FALSE,FALSE,FALSE,,,319,53,2439
ob115,115-03,replacement,mpala,pz,second,16,26,FALSE,TRUE,TRUE,TRUE,TRUE,TRUE,TRUE,FALSE,FALSE,TRUE,FALSE,,,319,53,2439